"Position","Name","Salary","GameInfo","AvgPointsPerGame","teamAbbrev"
"RB","Le'Veon Bell",9600,"PIT@KC 04:25PM ET",19.900,"PIT"
"WR","Antonio Brown",9300,"PIT@KC 04:25PM ET",21.900,"PIT"
"WR","Julio Jones",8300,"MIA@ATL 01:00PM ET",12.875,"ATL"
"QB","Tom Brady",8300,"NE@NYJ 01:00PM ET",25.056,"NE"
"RB","Kareem Hunt",8200,"PIT@KC 04:25PM ET",28.100,"KC"
"WR","DeAndre Hopkins",8100,"CLE@HOU 01:00PM ET",20.860,"HOU"
"RB","Leonard Fournette",8000,"LAR@JAX 04:05PM ET",22.880,"JAX"
"WR","Keenan Allen",7900,"LAC@OAK 04:25PM ET",16.020,"LAC"
"RB","Melvin Gordon",7800,"LAC@OAK 04:25PM ET",18.960,"LAC"
"RB","Todd Gurley II",7700,"LAR@JAX 04:05PM ET",26.520,"LAR"
"WR","Brandin Cooks",7600,"NE@NYJ 01:00PM ET",14.780,"NE"
"WR","Stefon Diggs",7500,"GB@MIN 01:00PM ET",17.860,"MIN"
"RB","Devonta Freeman",7400,"MIA@ATL 01:00PM ET",19.375,"ATL"
"QB","Aaron Rodgers",7300,"GB@MIN 01:00PM ET",23.996,"GB"
"WR","Michael Thomas",7300,"DET@NO 01:00PM ET",17.000,"NO"
"QB","Drew Brees",7200,"DET@NO 01:00PM ET",20.175,"NO"
"WR","Jordy Nelson",7100,"GB@MIN 01:00PM ET",15.600,"GB"
"QB","Matt Ryan",7000,"MIA@ATL 01:00PM ET",15.990,"ATL"
"WR","Chris Hogan",7000,"NE@NYJ 01:00PM ET",16.700,"NE"
"WR","Mike Evans",6900,"TB@ARI 04:05PM ET",15.900,"TB"
"WR","Golden Tate",6800,"DET@NO 01:00PM ET",13.120,"DET"
"TE","Rob Gronkowski",6800,"NE@NYJ 01:00PM ET",16.700,"NE"
"QB","Kirk Cousins",6800,"SF@WAS 01:00PM ET",18.965,"WAS"
"WR","Larry Fitzgerald",6800,"TB@ARI 04:05PM ET",15.940,"ARI"
"QB","Cam Newton",6700,"PHI@CAR 08:25PM ET",20.696,"CAR"
"QB","Deshaun Watson",6700,"CLE@HOU 01:00PM ET",24.156,"HOU"
"RB","Ty Montgomery",6700,"GB@MIN 01:00PM ET",16.025,"GB"
"WR","T.Y. Hilton",6700,"IND@TEN 08:30PM ET",16.320,"IND"
"QB","Carson Wentz",6600,"PHI@CAR 08:25PM ET",22.456,"PHI"
"WR","Jarvis Landry",6600,"MIA@ATL 01:00PM ET",14.075,"MIA"
"QB","Philip Rivers",6600,"LAC@OAK 04:25PM ET",18.220,"LAC"
"RB","C.J. Anderson",6600,"NYG@DEN 08:30PM ET",16.175,"DEN"
"QB","Matthew Stafford",6500,"DET@NO 01:00PM ET",16.988,"DET"
"RB","David Johnson",6500,"TB@ARI 04:05PM ET",14.100,"ARI"
"WR","Odell Beckham Jr.",6500,"NYG@DEN 08:30PM ET",18.500,"NYG"
"WR","Kelvin Benjamin",6400,"PHI@CAR 08:25PM ET",10.640,"CAR"
"QB","Alex Smith",6400,"PIT@KC 04:25PM ET",24.488,"KC"
"WR","Tyreek Hill",6400,"PIT@KC 04:25PM ET",16.800,"KC"
"TE","Zach Ertz",6300,"PHI@CAR 08:25PM ET",16.340,"PHI"
"WR","Alshon Jeffery",6300,"PHI@CAR 08:25PM ET",11.720,"PHI"
"WR","Pierre Garcon",6300,"SF@WAS 01:00PM ET",13.780,"SF"
"QB","Marcus Mariota",6300,"IND@TEN 08:30PM ET",17.570,"TEN"
"WR","DeVante Parker",6200,"MIA@ATL 01:00PM ET",12.150,"MIA"
"RB","Carlos Hyde",6200,"SF@WAS 01:00PM ET",15.140,"SF"
"QB","Jameis Winston",6200,"TB@ARI 04:05PM ET",21.230,"TB"
"WR","Devin Funchess",6100,"PHI@CAR 08:25PM ET",13.780,"CAR"
"QB","Carson Palmer",6100,"TB@ARI 04:05PM ET",18.512,"ARI"
"TE","Travis Kelce",6100,"PIT@KC 04:25PM ET",16.600,"KC"
"WR","Emmanuel Sanders",6100,"NYG@DEN 08:30PM ET",12.750,"DEN"
"QB","Sam Bradford",6000,"GB@MIN 01:00PM ET",14.990,"MIN"
"WR","Adam Thielen",6000,"GB@MIN 01:00PM ET",14.060,"MIN"
"RB","Bilal Powell",6000,"NE@NYJ 01:00PM ET",11.840,"NYJ"
"WR","Demaryius Thomas",6000,"NYG@DEN 08:30PM ET",10.675,"DEN"
"RB","Christian McCaffrey",5900,"PHI@CAR 08:25PM ET",13.660,"CAR"
"RB","Jordan Howard",5900,"CHI@BAL 01:00PM ET",14.720,"CHI"
"WR","Randall Cobb",5900,"GB@MIN 01:00PM ET",12.950,"GB"
"QB","Derek Carr",5900,"LAC@OAK 04:25PM ET",14.205,"OAK"
"WR","DeSean Jackson",5800,"TB@ARI 04:05PM ET",11.975,"TB"
"RB","Doug Martin",5800,"TB@ARI 04:05PM ET",15.200,"TB"
"WR","Michael Crabtree",5800,"LAC@OAK 04:25PM ET",17.050,"OAK"
"QB","Jacoby Brissett",5800,"IND@TEN 08:30PM ET",14.636,"IND"
"RB","Jay Ajayi",5700,"MIA@ATL 01:00PM ET",9.350,"MIA"
"WR","Davante Adams",5700,"GB@MIN 01:00PM ET",15.100,"GB"
"WR","Terrelle Pryor Sr.",5700,"SF@WAS 01:00PM ET",9.400,"WAS"
"QB","Ben Roethlisberger",5700,"PIT@KC 04:25PM ET",13.872,"PIT"
"QB","Andrew Luck",5700,"IND@TEN 08:30PM ET",0,"IND"
"QB","Derek Anderson",5600,"PHI@CAR 08:25PM ET",0.680,"CAR"
"RB","Aaron Jones",5600,"GB@MIN 01:00PM ET",8.575,"GB"
"WR","Danny Amendola",5600,"NE@NYJ 01:00PM ET",14.675,"NE"
"RB","Mike Gillislee",5500,"NE@NYJ 01:00PM ET",9.720,"NE"
"QB","Jimmy Garoppolo",5500,"NE@NYJ 01:00PM ET",0,"NE"
"QB","Trevor Siemian",5500,"NYG@DEN 08:30PM ET",17.280,"DEN"
"QB","Joe Flacco",5400,"CHI@BAL 01:00PM ET",8.484,"BAL"
"RB","Javorius Allen",5400,"CHI@BAL 01:00PM ET",12.980,"BAL"
"RB","Lamar Miller",5400,"CLE@HOU 01:00PM ET",14.120,"HOU"
"WR","Tyrell Williams",5400,"LAC@OAK 04:25PM ET",10.400,"LAC"
"WR","Rishard Matthews",5400,"IND@TEN 08:30PM ET",10.820,"TEN"
"RB","Andre Ellington",5300,"TB@ARI 04:05PM ET",11.720,"ARI"
"WR","Will Fuller V",5200,"CLE@HOU 01:00PM ET",20.050,"HOU"
"QB","Josh McCown",5200,"NE@NYJ 01:00PM ET",12.860,"NYJ"
"RB","James White",5200,"NE@NYJ 01:00PM ET",11.920,"NE"
"RB","DeMarco Murray",5200,"IND@TEN 08:30PM ET",9.840,"TEN"
"RB","Tarik Cohen",5100,"CHI@BAL 01:00PM ET",12.860,"CHI"
"RB","Duke Johnson Jr.",5100,"CLE@HOU 01:00PM ET",15.140,"CLE"
"QB","Brian Hoyer",5100,"SF@WAS 01:00PM ET",14.428,"SF"
"WR","Sterling Shepard",5100,"NYG@DEN 08:30PM ET",11.720,"NYG"
"RB","Tevin Coleman",5000,"MIA@ATL 01:00PM ET",13.150,"ATL"
"QB","Mitchell Trubisky",5000,"CHI@BAL 01:00PM ET",5.660,"CHI"
"QB","Case Keenum",5000,"GB@MIN 01:00PM ET",14.700,"MIN"
"TE","Jordan Reed",5000,"SF@WAS 01:00PM ET",8.167,"WAS"
"RB","Chris Thompson",5000,"SF@WAS 01:00PM ET",19.425,"WAS"
"QB","Jared Goff",5000,"LAR@JAX 04:05PM ET",16.780,"LAR"
"RB","Marshawn Lynch",5000,"LAC@OAK 04:25PM ET",7.840,"OAK"
"WR","Amari Cooper",5000,"LAC@OAK 04:25PM ET",6.160,"OAK"
"RB","Derrick Henry",5000,"IND@TEN 08:30PM ET",5.340,"TEN"
"QB","Jay Cutler",4900,"MIA@ATL 01:00PM ET",9.835,"MIA"
"RB","Ameer Abdullah",4900,"DET@NO 01:00PM ET",10.320,"DET"
"WR","Jaron Brown",4900,"TB@ARI 04:05PM ET",10.080,"ARI"
"WR","Mohamed Sanu",4800,"MIA@ATL 01:00PM ET",9.675,"ATL"
"WR","Corey Coleman",4800,"CLE@HOU 01:00PM ET",9.100,"CLE"
"WR","Jermaine Kearse",4800,"NE@NYJ 01:00PM ET",12.400,"NYJ"
"RB","Rob Kelley",4800,"SF@WAS 01:00PM ET",4.367,"WAS"
"QB","EJ Manuel",4800,"LAC@OAK 04:25PM ET",7.550,"OAK"
"QB","Eli Manning",4800,"NYG@DEN 08:30PM ET",18.124,"NYG"
"TE","Delanie Walker",4800,"IND@TEN 08:30PM ET",10.300,"TEN"
"RB","LeGarrette Blount",4700,"PHI@CAR 08:25PM ET",10.480,"PHI"
"RB","Wendell Smallwood",4700,"PHI@CAR 08:25PM ET",7.475,"PHI"
"RB","Latavius Murray",4700,"GB@MIN 01:00PM ET",2.580,"MIN"
"WR","Willie Snead",4700,"DET@NO 01:00PM ET",0,"NO"
"QB","Colt McCoy",4700,"SF@WAS 01:00PM ET",0,"WAS"
"RB","Matt Breida",4700,"SF@WAS 01:00PM ET",4.980,"SF"
"WR","Martavis Bryant",4700,"PIT@KC 04:25PM ET",8.680,"PIT"
"QB","Patrick Mahomes II",4700,"PIT@KC 04:25PM ET",0,"KC"
"QB","Matt Cassel",4700,"IND@TEN 08:30PM ET",3.240,"TEN"
"TE","Greg Olsen",4600,"PHI@CAR 08:25PM ET",2.900,"CAR"
"WR","Taylor Gabriel",4600,"MIA@ATL 01:00PM ET",7.400,"ATL"
"QB","Kevin Hogan",4600,"CLE@HOU 01:00PM ET",9.527,"CLE"
"QB","DeShone Kizer",4600,"CLE@HOU 01:00PM ET",11.928,"CLE"
"QB","Chase Daniel",4600,"DET@NO 01:00PM ET",0,"NO"
"WR","Marvin Jones Jr.",4600,"DET@NO 01:00PM ET",8.880,"DET"
"RB","Elijah McGuire",4600,"NE@NYJ 01:00PM ET",6.620,"NYJ"
"QB","Blake Bortles",4600,"LAR@JAX 04:05PM ET",13.356,"JAX"
"QB","Matt Moore",4500,"MIA@ATL 01:00PM ET",0,"MIA"
"RB","Alvin Kamara",4500,"DET@NO 01:00PM ET",13.750,"NO"
"WR","John Brown",4500,"TB@ARI 04:05PM ET",8.833,"ARI"
"QB","Landry Jones",4500,"PIT@KC 04:25PM ET",0,"PIT"
"RB","James Conner",4500,"PIT@KC 04:25PM ET",1.100,"PIT"
"QB","Cardale Jones",4500,"LAC@OAK 04:25PM ET",0,"LAC"
"QB","Geno Smith",4500,"NYG@DEN 08:30PM ET",0,"NYG"
"RB","Frank Gore",4500,"IND@TEN 08:30PM ET",10.420,"IND"
"QB","Nick Foles",4400,"PHI@CAR 08:25PM ET",0,"PHI"
"WR","Jeremy Maclin",4400,"CHI@BAL 01:00PM ET",8.780,"BAL"
"QB","Mike Glennon",4400,"CHI@BAL 01:00PM ET",11.180,"CHI"
"RB","Alex Collins",4400,"CHI@BAL 01:00PM ET",6.025,"BAL"
"RB","Mark Ingram",4400,"DET@NO 01:00PM ET",11.125,"NO"
"WR","Robby Anderson",4400,"NE@NYJ 01:00PM ET",8.400,"NYJ"
"RB","Samaje Perine",4400,"SF@WAS 01:00PM ET",3.975,"WAS"
"QB","Ryan Fitzpatrick",4400,"TB@ARI 04:05PM ET",-0.200,"TB"
"WR","J.J. Nelson",4400,"TB@ARI 04:05PM ET",12.020,"ARI"
"QB","Matt Schaub",4300,"MIA@ATL 01:00PM ET",0.000,"ATL"
"WR","Mike Wallace",4300,"CHI@BAL 01:00PM ET",8.460,"BAL"
"QB","Tom Savage",4300,"CLE@HOU 01:00PM ET",0.240,"HOU"
"RB","Theo Riddick",4300,"DET@NO 01:00PM ET",8.120,"DET"
"TE","Austin Seferian-Jenkins",4300,"NE@NYJ 01:00PM ET",10.533,"NYJ"
"QB","Blaine Gabbert",4300,"TB@ARI 04:05PM ET",0,"ARI"
"QB","Chad Henne",4300,"LAR@JAX 04:05PM ET",-0.300,"JAX"
"WR","Allen Hurns",4300,"LAR@JAX 04:05PM ET",10.140,"JAX"
"WR","Travis Benjamin",4300,"LAC@OAK 04:25PM ET",8.820,"LAC"
"QB","Scott Tolzien",4300,"IND@TEN 08:30PM ET",3.320,"IND"
"WR","Nelson Agholor",4200,"PHI@CAR 08:25PM ET",12.120,"PHI"
"WR","Kenny Stills",4200,"MIA@ATL 01:00PM ET",6.850,"MIA"
"RB","Isaiah Crowell",4200,"CLE@HOU 01:00PM ET",6.820,"CLE"
"RB","D'Onta Foreman",4200,"CLE@HOU 01:00PM ET",4.720,"HOU"
"QB","Brett Hundley",4200,"GB@MIN 01:00PM ET",0.000,"GB"
"RB","Jamaal Williams",4200,"GB@MIN 01:00PM ET",1.200,"GB"
"QB","Jake Rudock",4200,"DET@NO 01:00PM ET",0.000,"DET"
"QB","C.J. Beathard",4200,"SF@WAS 01:00PM ET",0.000,"SF"
"QB","Sean Mannion",4200,"LAR@JAX 04:05PM ET",-0.220,"LAR"
"WR","Marqise Lee",4200,"LAR@JAX 04:05PM ET",7.160,"JAX"
"WR","Eric Decker",4200,"IND@TEN 08:30PM ET",5.960,"TEN"
"WR","Corey Davis",4200,"IND@TEN 08:30PM ET",7.150,"TEN"
"RB","Corey Clement",4100,"PHI@CAR 08:25PM ET",3.220,"PHI"
"RB","Jerick McKinnon",4100,"GB@MIN 01:00PM ET",8.040,"MIN"
"WR","Marquise Goodwin",4100,"SF@WAS 01:00PM ET",8.260,"SF"
"WR","Sammy Watkins",4100,"LAR@JAX 04:05PM ET",10.020,"LAR"
"TE","Hunter Henry",4100,"LAC@OAK 04:25PM ET",7.560,"LAC"
"QB","Brock Osweiler",4100,"NYG@DEN 08:30PM ET",0,"DEN"
"RB","Jamaal Charles",4100,"NYG@DEN 08:30PM ET",6.900,"DEN"
"RB","Jonathan Stewart",4000,"PHI@CAR 08:25PM ET",8.100,"CAR"
"QB","Brad Kaaya",4000,"PHI@CAR 08:25PM ET",0,"CAR"
"RB","Kenyan Drake",4000,"MIA@ATL 01:00PM ET",1.000,"MIA"
"QB","Mark Sanchez",4000,"CHI@BAL 01:00PM ET",0,"CHI"
"QB","Ryan Mallett",4000,"CHI@BAL 01:00PM ET",5.440,"BAL"
"WR","Kendall Wright",4000,"CHI@BAL 01:00PM ET",8.800,"CHI"
"RB","Terrance West",4000,"CHI@BAL 01:00PM ET",5.820,"BAL"
"WR","Kenny Britt",4000,"CLE@HOU 01:00PM ET",6.525,"CLE"
"TE","Ryan Griffin",4000,"CLE@HOU 01:00PM ET",6.150,"HOU"
"WR","Josh Gordon",4000,"CLE@HOU 01:00PM ET",0,"CLE"
"QB","Cody Kessler",4000,"CLE@HOU 01:00PM ET",0,"CLE"
"QB","Teddy Bridgewater",4000,"GB@MIN 01:00PM ET",0,"MIN"
"QB","Kyle Sloter",4000,"GB@MIN 01:00PM ET",0,"MIN"
"WR","Geronimo Allison",4000,"GB@MIN 01:00PM ET",6.650,"GB"
"QB","Taysom Hill",4000,"DET@NO 01:00PM ET",0,"NO"
"WR","Kenny Golladay",4000,"DET@NO 01:00PM ET",9.733,"DET"
"WR","Jeremy Kerley",4000,"NE@NYJ 01:00PM ET",7.550,"NYJ"
"QB","Bryce Petty",4000,"NE@NYJ 01:00PM ET",0,"NYJ"
"QB","Christian Hackenberg",4000,"NE@NYJ 01:00PM ET",0,"NYJ"
"WR","Jamison Crowder",4000,"SF@WAS 01:00PM ET",5.650,"WAS"
"QB","Drew Stanton",4000,"TB@ARI 04:05PM ET",0,"ARI"
"RB","Jacquizz Rodgers",4000,"TB@ARI 04:05PM ET",7.375,"TB"
"QB","Ryan Griffin",4000,"TB@ARI 04:05PM ET",0,"TB"
"WR","Adam Humphries",4000,"TB@ARI 04:05PM ET",9.425,"TB"
"QB","Brandon Allen",4000,"LAR@JAX 04:05PM ET",0,"LAR"
"WR","Cooper Kupp",4000,"LAR@JAX 04:05PM ET",10.400,"LAR"
"QB","Tyler Bray",4000,"PIT@KC 04:25PM ET",0,"KC"
"QB","Joshua Dobbs",4000,"PIT@KC 04:25PM ET",0,"PIT"
"RB","Charcandrick West",4000,"PIT@KC 04:25PM ET",7.320,"KC"
"QB","Kellen Clemens",4000,"LAC@OAK 04:25PM ET",0,"LAC"
"RB","Branden Oliver",4000,"LAC@OAK 04:25PM ET",3.200,"LAC"
"QB","Connor Cook",4000,"LAC@OAK 04:25PM ET",0,"OAK"
"QB","Chad Kelly",4000,"NYG@DEN 08:30PM ET",0,"DEN"
"QB","Paxton Lynch",4000,"NYG@DEN 08:30PM ET",0,"DEN"
"DST","Broncos ",4000,"NYG@DEN 08:30PM ET",7.750,"DEN"
"QB","Davis Webb",4000,"NYG@DEN 08:30PM ET",0,"NYG"
"WR","Brandon Marshall",4000,"NYG@DEN 08:30PM ET",6.680,"NYG"
"QB","Brandon Weeden",4000,"IND@TEN 08:30PM ET",0,"TEN"
"WR","Justin Hardy",3900,"MIA@ATL 01:00PM ET",3.025,"ATL"
"DST","Texans ",3900,"CLE@HOU 01:00PM ET",6.800,"HOU"
"WR","Ricardo Louis",3900,"CLE@HOU 01:00PM ET",7.080,"CLE"
"RB","Matt Forte",3900,"NE@NYJ 01:00PM ET",7.400,"NYJ"
"TE","Vernon Davis",3900,"SF@WAS 01:00PM ET",7.500,"WAS"
"TE","Cameron Brate",3900,"TB@ARI 04:05PM ET",13.375,"TB"
"RB","Malcolm Brown",3900,"LAR@JAX 04:05PM ET",3.875,"LAR"
"RB","Jalen Richard",3900,"LAC@OAK 04:25PM ET",6.380,"OAK"
"RB","Wayne Gallman",3900,"NYG@DEN 08:30PM ET",13.100,"NYG"
"RB","Marlon Mack",3900,"IND@TEN 08:30PM ET",9.867,"IND"
"WR","Torrey Smith",3800,"PHI@CAR 08:25PM ET",7.820,"PHI"
"WR","Russell Shepard",3800,"PHI@CAR 08:25PM ET",4.140,"CAR"
"TE","Kyle Rudolph",3800,"GB@MIN 01:00PM ET",8.680,"MIN"
"RB","Dion Lewis",3800,"NE@NYJ 01:00PM ET",5.420,"NE"
"RB","Rex Burkhead",3800,"NE@NYJ 01:00PM ET",8.350,"NE"
"WR","Ryan Grant",3800,"SF@WAS 01:00PM ET",8.475,"WAS"
"RB","Chris Ivory",3800,"LAR@JAX 04:05PM ET",5.960,"JAX"
"WR","Roger Lewis",3800,"NYG@DEN 08:30PM ET",4.840,"NYG"
"TE","Evan Engram",3800,"NYG@DEN 08:30PM ET",9.000,"NYG"
"RB","Kenjon Barner",3700,"PHI@CAR 08:25PM ET",1.150,"PHI"
"WR","Curtis Samuel",3700,"PHI@CAR 08:25PM ET",2.075,"CAR"
"RB","Damien Williams",3700,"MIA@ATL 01:00PM ET",1.500,"MIA"
"DST","Ravens ",3700,"CHI@BAL 01:00PM ET",10.600,"BAL"
"RB","Danny Woodhead",3700,"CHI@BAL 01:00PM ET",6.700,"BAL"
"RB","Alfred Blue",3700,"CLE@HOU 01:00PM ET",0.600,"HOU"
"WR","Bruce Ellington",3700,"CLE@HOU 01:00PM ET",7.375,"HOU"
"WR","Phillip Dorsett",3700,"NE@NYJ 01:00PM ET",2.640,"NE"
"WR","Robert Woods",3700,"LAR@JAX 04:05PM ET",9.200,"LAR"
"TE","Jared Cook",3700,"LAC@OAK 04:25PM ET",8.700,"OAK"
"RB","DeAndre Washington",3700,"LAC@OAK 04:25PM ET",4.625,"OAK"
"WR","Mike Williams",3700,"LAC@OAK 04:25PM ET",0,"LAC"
"RB","Orleans Darkwa",3700,"NYG@DEN 08:30PM ET",5.950,"NYG"
"RB","Robert Turbin",3700,"IND@TEN 08:30PM ET",3.580,"IND"
"WR","Donte Moncrief",3700,"IND@TEN 08:30PM ET",6.880,"IND"
"TE","Jack Doyle",3700,"IND@TEN 08:30PM ET",8.075,"IND"
"TE","Martellus Bennett",3600,"GB@MIN 01:00PM ET",7.880,"GB"
"WR","Ted Ginn Jr.",3600,"DET@NO 01:00PM ET",8.625,"NO"
"RB","Zach Zenner",3600,"DET@NO 01:00PM ET",2.533,"DET"
"RB","Dwayne Washington",3600,"DET@NO 01:00PM ET",1.550,"DET"
"WR","Malcolm Mitchell",3600,"NE@NYJ 01:00PM ET",0,"NE"
"WR","Josh Doctson",3600,"SF@WAS 01:00PM ET",4.225,"WAS"
"DST","Jaguars ",3600,"LAR@JAX 04:05PM ET",16.400,"JAX"
"WR","JuJu Smith-Schuster",3600,"PIT@KC 04:25PM ET",8.000,"PIT"
"WR","Seth Roberts",3600,"LAC@OAK 04:25PM ET",5.640,"OAK"
"RB","De'Angelo Henderson",3600,"NYG@DEN 08:30PM ET",0.033,"DEN"
"RB","Shane Vereen",3600,"NYG@DEN 08:30PM ET",7.780,"NYG"
"DST","Falcons ",3500,"MIA@ATL 01:00PM ET",6.250,"ATL"
"WR","Andre Roberts",3500,"MIA@ATL 01:00PM ET",0.550,"ATL"
"TE","Austin Hooper",3500,"MIA@ATL 01:00PM ET",9.600,"ATL"
"WR","Michael Floyd",3500,"GB@MIN 01:00PM ET",2.900,"MIN"
"RB","Devante Mays",3500,"GB@MIN 01:00PM ET",0.000,"GB"
"RB","Charles Sims",3500,"TB@ARI 04:05PM ET",3.925,"TB"
"RB","Devontae Booker",3500,"NYG@DEN 08:30PM ET",1.400,"DEN"
"DST","Redskins ",3400,"SF@WAS 01:00PM ET",9.250,"WAS"
"TE","George Kittle",3400,"SF@WAS 01:00PM ET",7.920,"SF"
"WR","Trent Taylor",3400,"SF@WAS 01:00PM ET",5.580,"SF"
"RB","Adrian Peterson",3400,"TB@ARI 04:05PM ET",2.625,"ARI"
"RB","Chris Johnson",3400,"TB@ARI 04:05PM ET",5.175,"ARI"
"RB","T.J. Yeldon",3400,"LAR@JAX 04:05PM ET",0,"JAX"
"WR","Jakeem Grant",3300,"MIA@ATL 01:00PM ET",0.775,"MIA"
"TE","Benjamin Watson",3300,"CHI@BAL 01:00PM ET",7.760,"BAL"
"WR","Markus Wheaton",3300,"CHI@BAL 01:00PM ET",0.467,"CHI"
"WR","Kasen Williams",3300,"CLE@HOU 01:00PM ET",2.325,"CLE"
"WR","Rashard Higgins",3300,"CLE@HOU 01:00PM ET",5.650,"CLE"
"WR","Jeff Janis",3300,"GB@MIN 01:00PM ET",0.000,"GB"
"WR","Brandon Coleman",3300,"DET@NO 01:00PM ET",8.425,"NO"
"DST","Patriots ",3300,"NE@NYJ 01:00PM ET",3.400,"NE"
"RB","Corey Grant",3300,"LAR@JAX 04:05PM ET",2.600,"JAX"
"WR","Albert Wilson",3300,"PIT@KC 04:25PM ET",7.680,"KC"
"WR","Bennie Fowler",3300,"NYG@DEN 08:30PM ET",8.475,"DEN"
"RB","Paul Perkins",3300,"NYG@DEN 08:30PM ET",4.150,"NYG"
"WR","Tavarres King",3300,"NYG@DEN 08:30PM ET",0,"NYG"
"WR","Travis Rudolph",3300,"NYG@DEN 08:30PM ET",0,"NYG"
"WR","Taywan Taylor",3300,"IND@TEN 08:30PM ET",2.960,"TEN"
"DST","Colts ",3300,"IND@TEN 08:30PM ET",5.000,"IND"
"DST","Eagles ",3200,"PHI@CAR 08:25PM ET",8.800,"PHI"
"WR","Nick Williams",3200,"MIA@ATL 01:00PM ET",6.000,"ATL"
"TE","Coby Fleener",3200,"DET@NO 01:00PM ET",8.975,"NO"
"RB","Kerwynn Williams",3200,"TB@ARI 04:05PM ET",2.480,"ARI"
"DST","Rams ",3200,"LAR@JAX 04:05PM ET",9.400,"LAR"
"WR","Jaelen Strong",3200,"LAR@JAX 04:05PM ET",0.000,"JAX"
"DST","Chiefs ",3200,"PIT@KC 04:25PM ET",9.000,"KC"
"WR","Chris Conley",3200,"PIT@KC 04:25PM ET",5.700,"KC"
"WR","Deonte Thompson",3100,"CHI@BAL 01:00PM ET",5.900,"CHI"
"WR","Laquon Treadwell",3100,"GB@MIN 01:00PM ET",1.840,"MIN"
"WR","Aldrick Robinson",3100,"SF@WAS 01:00PM ET",3.140,"SF"
"WR","Tavon Austin",3100,"LAR@JAX 04:05PM ET",4.340,"LAR"
"TE","Jesse James",3100,"PIT@KC 04:25PM ET",9.020,"PIT"
"DST","Chargers ",3100,"LAC@OAK 04:25PM ET",5.400,"LAC"
"WR","Dontrelle Inman",3100,"LAC@OAK 04:25PM ET",0.725,"LAC"
"DST","Panthers ",3000,"PHI@CAR 08:25PM ET",7.000,"CAR"
"TE","Ed Dickson",3000,"PHI@CAR 08:25PM ET",8.220,"CAR"
"RB","Fozzy Whittaker",3000,"PHI@CAR 08:25PM ET",2.740,"CAR"
"WR","Marcus Johnson",3000,"PHI@CAR 08:25PM ET",0.400,"PHI"
"WR","Mack Hollins",3000,"PHI@CAR 08:25PM ET",1.240,"PHI"
"RB","Cameron Artis-Payne",3000,"PHI@CAR 08:25PM ET",0.000,"CAR"
"WR","Shelton Gibson",3000,"PHI@CAR 08:25PM ET",0,"PHI"
"RB","Alex Armah",3000,"PHI@CAR 08:25PM ET",0.000,"CAR"
"RB","Derrick Coleman",3000,"MIA@ATL 01:00PM ET",0.525,"ATL"
"RB","Senorise Perry",3000,"MIA@ATL 01:00PM ET",0.000,"MIA"
"RB","Terron Ward",3000,"MIA@ATL 01:00PM ET",0.000,"ATL"
"WR","Rashawn Scott",3000,"MIA@ATL 01:00PM ET",0,"MIA"
"WR","Leonte Carroo",3000,"MIA@ATL 01:00PM ET",0.000,"MIA"
"RB","Brian Hill",3000,"MIA@ATL 01:00PM ET",0.000,"ATL"
"WR","Isaiah Ford",3000,"MIA@ATL 01:00PM ET",0,"MIA"
"RB","Benny Cunningham",3000,"CHI@BAL 01:00PM ET",5.150,"CHI"
"WR","Michael Campanaro",3000,"CHI@BAL 01:00PM ET",2.200,"BAL"
"WR","Chris Matthews",3000,"CHI@BAL 01:00PM ET",0.800,"BAL"
"WR","Josh Bellamy",3000,"CHI@BAL 01:00PM ET",4.280,"CHI"
"RB","Michael Burton",3000,"CHI@BAL 01:00PM ET",0.140,"CHI"
"WR","Tre McBride",3000,"CHI@BAL 01:00PM ET",1.400,"CHI"
"WR","Chris Moore",3000,"CHI@BAL 01:00PM ET",0.000,"BAL"
"WR","Breshad Perriman",3000,"CHI@BAL 01:00PM ET",1.320,"BAL"
"RB","Taquan Mizzell",3000,"CHI@BAL 01:00PM ET",0,"CHI"
"RB","Jordan Todman",3000,"CLE@HOU 01:00PM ET",0.000,"HOU"
"WR","James Wright",3000,"CLE@HOU 01:00PM ET",0,"CLE"
"RB","Jay Prosch",3000,"CLE@HOU 01:00PM ET",0.000,"HOU"
"TE","C.J. Fiedorowicz",3000,"CLE@HOU 01:00PM ET",8.600,"HOU"
"WR","Sammie Coates",3000,"CLE@HOU 01:00PM ET",0.000,"CLE"
"WR","Braxton Miller",3000,"CLE@HOU 01:00PM ET",1.833,"HOU"
"WR","Bryce Treggs",3000,"CLE@HOU 01:00PM ET",4.800,"CLE"
"RB","Danny Vitale",3000,"CLE@HOU 01:00PM ET",0.000,"CLE"
"RB","Matthew Dayes",3000,"CLE@HOU 01:00PM ET",0.760,"CLE"
"WR","Chris Thompson",3000,"CLE@HOU 01:00PM ET",1.450,"HOU"
"TE","David Njoku",3000,"CLE@HOU 01:00PM ET",8.380,"CLE"
"RB","Stevan Ridley",3000,"GB@MIN 01:00PM ET",0,"MIN"
"WR","Jarius Wright",3000,"GB@MIN 01:00PM ET",2.780,"MIN"
"RB","Aaron Ripkowski",3000,"GB@MIN 01:00PM ET",0.680,"GB"
"WR","Trevor Davis",3000,"GB@MIN 01:00PM ET",0.380,"GB"
"WR","Stacy Coley",3000,"GB@MIN 01:00PM ET",0.000,"MIN"
"WR","Rodney Adams",3000,"GB@MIN 01:00PM ET",0,"MIN"
"RB","C.J. Ham",3000,"GB@MIN 01:00PM ET",2.080,"MIN"
"RB","Zach Line",3000,"DET@NO 01:00PM ET",0,"NO"
"WR","Jared Abbrederis",3000,"DET@NO 01:00PM ET",1.900,"DET"
"WR","TJ Jones",3000,"DET@NO 01:00PM ET",5.200,"DET"
"TE","Eric Ebron",3000,"DET@NO 01:00PM ET",5.460,"DET"
"WR","Tommylee Lewis",3000,"DET@NO 01:00PM ET",4.050,"NO"
"RB","Tion Green",3000,"DET@NO 01:00PM ET",0,"DET"
"RB","Trey Edmunds",3000,"DET@NO 01:00PM ET",0.000,"NO"
"WR","Austin Carr",3000,"DET@NO 01:00PM ET",0.000,"NO"
"WR","Matthew Slater",3000,"NE@NYJ 01:00PM ET",0.000,"NE"
"RB","James Develin",3000,"NE@NYJ 01:00PM ET",1.000,"NE"
"RB","Travaris Cadet",3000,"NE@NYJ 01:00PM ET",0.000,"NYJ"
"RB","Brandon Bolden",3000,"NE@NYJ 01:00PM ET",0.000,"NE"
"RB","Lawrence Thomas",3000,"NE@NYJ 01:00PM ET",0.625,"NYJ"
"WR","Jalin Marshall",3000,"NE@NYJ 01:00PM ET",0,"NYJ"
"WR","Lucky Whitehead",3000,"NE@NYJ 01:00PM ET",0,"NYJ"
"WR","ArDarius Stewart",3000,"NE@NYJ 01:00PM ET",1.520,"NYJ"
"WR","Chad Hansen",3000,"NE@NYJ 01:00PM ET",0.000,"NYJ"
"WR","Brian Quick",3000,"SF@WAS 01:00PM ET",0.700,"WAS"
"RB","Kyle Juszczyk",3000,"SF@WAS 01:00PM ET",4.620,"SF"
"RB","Mack Brown",3000,"SF@WAS 01:00PM ET",2.700,"WAS"
"RB","Raheem Mostert",3000,"SF@WAS 01:00PM ET",0.080,"SF"
"WR","Victor Bolden Jr.",3000,"SF@WAS 01:00PM ET",0.000,"SF"
"WR","Kendrick Bourne",3000,"SF@WAS 01:00PM ET",0.000,"SF"
"WR","Bernard Reedy",3000,"TB@ARI 04:05PM ET",0.475,"TB"
"RB","Elijhaa Penny",3000,"TB@ARI 04:05PM ET",0.340,"ARI"
"WR","Brittan Golden",3000,"TB@ARI 04:05PM ET",1.400,"ARI"
"RB","D.J. Foster",3000,"TB@ARI 04:05PM ET",0,"ARI"
"RB","T.J. Logan",3000,"TB@ARI 04:05PM ET",0,"ARI"
"RB","Peyton Barber",3000,"TB@ARI 04:05PM ET",1.225,"TB"
"WR","Chad Williams",3000,"TB@ARI 04:05PM ET",2.150,"ARI"
"WR","Chris Godwin",3000,"TB@ARI 04:05PM ET",2.300,"TB"
"WR","Arrelious Benn",3000,"LAR@JAX 04:05PM ET",0.440,"JAX"
"RB","Lance Dunbar",3000,"LAR@JAX 04:05PM ET",0,"LAR"
"RB","Tommy Bohanon",3000,"LAR@JAX 04:05PM ET",2.460,"JAX"
"WR","Max McCaffrey",3000,"LAR@JAX 04:05PM ET",0.350,"JAX"
"RB","Justin Davis",3000,"LAR@JAX 04:05PM ET",0.050,"LAR"
"WR","Pharoh Cooper",3000,"LAR@JAX 04:05PM ET",0.920,"LAR"
"WR","Keelan Cole",3000,"LAR@JAX 04:05PM ET",1.800,"JAX"
"WR","Josh Reynolds",3000,"LAR@JAX 04:05PM ET",0.760,"LAR"
"WR","Michael Thomas",3000,"LAR@JAX 04:05PM ET",0,"LAR"
"WR","Darrius Heyward-Bey",3000,"PIT@KC 04:25PM ET",0.060,"PIT"
"RB","Anthony Sherman",3000,"PIT@KC 04:25PM ET",0.420,"KC"
"WR","Justin Hunter",3000,"PIT@KC 04:25PM ET",1.550,"PIT"
"RB","Roosevelt Nix",3000,"PIT@KC 04:25PM ET",0.000,"PIT"
"RB","Akeem Hunt",3000,"PIT@KC 04:25PM ET",0.000,"KC"
"WR","Eli Rogers",3000,"PIT@KC 04:25PM ET",3.467,"PIT"
"WR","De'Anthony Thomas",3000,"PIT@KC 04:25PM ET",2.320,"KC"
"RB","Terrell Watson",3000,"PIT@KC 04:25PM ET",0.100,"PIT"
"WR","Jehu Chesson",3000,"PIT@KC 04:25PM ET",0.000,"KC"
"WR","Demarcus Robinson",3000,"PIT@KC 04:25PM ET",1.100,"KC"
"TE","Antonio Gates",3000,"LAC@OAK 04:25PM ET",5.380,"LAC"
"RB","Andre Williams",3000,"LAC@OAK 04:25PM ET",0.000,"LAC"
"RB","Jamize Olawale",3000,"LAC@OAK 04:25PM ET",1.600,"OAK"
"RB","Derek Watt",3000,"LAC@OAK 04:25PM ET",0.000,"LAC"
"WR","Cordarrelle Patterson",3000,"LAC@OAK 04:25PM ET",5.340,"OAK"
"WR","Johnny Holton",3000,"LAC@OAK 04:25PM ET",2.680,"OAK"
"RB","Austin Ekeler",3000,"LAC@OAK 04:25PM ET",5.000,"LAC"
"RB","Andy Janovich",3000,"NYG@DEN 08:30PM ET",0.050,"DEN"
"WR","Jordan Taylor",3000,"NYG@DEN 08:30PM ET",0.000,"DEN"
"WR","Cody Latimer",3000,"NYG@DEN 08:30PM ET",1.400,"DEN"
"WR","Isaiah McKenzie",3000,"NYG@DEN 08:30PM ET",0.100,"DEN"
"WR","Dwayne Harris",3000,"NYG@DEN 08:30PM ET",0.000,"NYG"
"RB","David Fluellen",3000,"IND@TEN 08:30PM ET",0.420,"TEN"
"RB","Jalston Fowler",3000,"IND@TEN 08:30PM ET",1.260,"TEN"
"WR","Darius Jennings",3000,"IND@TEN 08:30PM ET",0,"TEN"
"WR","Eric Weems",3000,"IND@TEN 08:30PM ET",0.000,"TEN"
"DST","Titans ",3000,"IND@TEN 08:30PM ET",4.200,"TEN"
"RB","George Winn",3000,"IND@TEN 08:30PM ET",0,"IND"
"RB","Matt Jones",3000,"IND@TEN 08:30PM ET",0.700,"IND"
"WR","Quan Bray",3000,"IND@TEN 08:30PM ET",0.640,"IND"
"WR","Kamar Aiken",3000,"IND@TEN 08:30PM ET",2.980,"IND"
"WR","Chester Rogers",3000,"IND@TEN 08:30PM ET",0,"IND"
"WR","Krishawn Hogan",3000,"IND@TEN 08:30PM ET",0.000,"IND"
"TE","Zach Miller",2900,"CHI@BAL 01:00PM ET",8.040,"CHI"
"DST","Vikings ",2900,"GB@MIN 01:00PM ET",5.200,"MIN"
"TE","Julius Thomas",2800,"MIA@ATL 01:00PM ET",4.400,"MIA"
"TE","Stephen Anderson",2800,"CLE@HOU 01:00PM ET",4.725,"HOU"
"DST","Packers ",2800,"GB@MIN 01:00PM ET",7.800,"GB"
"DST","Cardinals ",2800,"TB@ARI 04:05PM ET",5.200,"ARI"
"TE","Demetrius Harris",2800,"PIT@KC 04:25PM ET",2.920,"KC"
"DST","Bears ",2700,"CHI@BAL 01:00PM ET",4.200,"CHI"
"DST","Saints ",2700,"DET@NO 01:00PM ET",7.000,"NO"
"TE","Dwayne Allen",2700,"NE@NYJ 01:00PM ET",0.000,"NE"
"TE","Marcedes Lewis",2700,"LAR@JAX 04:05PM ET",6.120,"JAX"
"TE","A.J. Derby",2700,"NYG@DEN 08:30PM ET",6.350,"DEN"
"TE","Richard Rodgers",2600,"GB@MIN 01:00PM ET",1.360,"GB"
"DST","Buccaneers ",2600,"TB@ARI 04:05PM ET",6.500,"TB"
"TE","Jermaine Gresham",2600,"TB@ARI 04:05PM ET",5.250,"ARI"
"TE","O.J. Howard",2600,"TB@ARI 04:05PM ET",4.800,"TB"
"DST","Steelers ",2600,"PIT@KC 04:25PM ET",10.200,"PIT"
"TE","Vance McDonald",2600,"PIT@KC 04:25PM ET",0.000,"PIT"
"DST","Giants ",2600,"NYG@DEN 08:30PM ET",3.400,"NYG"
"TE","Jonnu Smith",2600,"IND@TEN 08:30PM ET",5.500,"TEN"
"TE","Erik Swoope",2600,"IND@TEN 08:30PM ET",0,"IND"
"TE","Brent Celek",2500,"PHI@CAR 08:25PM ET",0.720,"PHI"
"TE","Trey Burton",2500,"PHI@CAR 08:25PM ET",2.860,"PHI"
"TE","Chris Manhertz",2500,"PHI@CAR 08:25PM ET",0.000,"CAR"
"TE","Anthony Fasano",2500,"MIA@ATL 01:00PM ET",0.000,"MIA"
"TE","MarQueis Gray",2500,"MIA@ATL 01:00PM ET",0.000,"MIA"
"TE","Levine Toilolo",2500,"MIA@ATL 01:00PM ET",1.275,"ATL"
"TE","Eric Saubert",2500,"MIA@ATL 01:00PM ET",0.000,"ATL"
"TE","Andrew DePaola",2500,"CHI@BAL 01:00PM ET",0.000,"CHI"
"TE","Dion Sims",2500,"CHI@BAL 01:00PM ET",1.920,"CHI"
"TE","Daniel Brown",2500,"CHI@BAL 01:00PM ET",0.000,"CHI"
"TE","Nick Boyle",2500,"CHI@BAL 01:00PM ET",3.640,"BAL"
"TE","Maxx Williams",2500,"CHI@BAL 01:00PM ET",3.900,"BAL"
"TE","Vince Mayle",2500,"CHI@BAL 01:00PM ET",1.240,"BAL"
"TE","Adam Shaheen",2500,"CHI@BAL 01:00PM ET",1.440,"CHI"
"TE","Randall Telfer",2500,"CLE@HOU 01:00PM ET",0.880,"CLE"
"TE","Seth DeValve",2500,"CLE@HOU 01:00PM ET",5.560,"CLE"
"TE","Lance Kendricks",2500,"GB@MIN 01:00PM ET",4.280,"GB"
"TE","Kevin McDermott",2500,"GB@MIN 01:00PM ET",0.000,"MIN"
"TE","Blake Bell",2500,"GB@MIN 01:00PM ET",0.440,"MIN"
"TE","David Morgan",2500,"GB@MIN 01:00PM ET",0.000,"MIN"
"TE","Darren Fells",2500,"DET@NO 01:00PM ET",5.500,"DET"
"TE","Michael Hoomanawanui",2500,"DET@NO 01:00PM ET",1.025,"NO"
"TE","Josh Hill",2500,"DET@NO 01:00PM ET",1.800,"NO"
"TE","Michael Roberts",2500,"DET@NO 01:00PM ET",0.500,"DET"
"TE","Eric Tomlinson",2500,"NE@NYJ 01:00PM ET",2.967,"NYJ"
"TE","Jacob Hollister",2500,"NE@NYJ 01:00PM ET",1.100,"NE"
"TE","Jordan Leggett",2500,"NE@NYJ 01:00PM ET",0.000,"NYJ"
"TE","Logan Paulsen",2500,"SF@WAS 01:00PM ET",0.000,"SF"
"TE","Kyle Nelson",2500,"SF@WAS 01:00PM ET",0.000,"SF"
"TE","Garrett Celek",2500,"SF@WAS 01:00PM ET",2.060,"SF"
"TE","Niles Paul",2500,"SF@WAS 01:00PM ET",0.175,"WAS"
"TE","Jeremy Sprinkle",2500,"SF@WAS 01:00PM ET",0.000,"WAS"
"TE","Luke Stocker",2500,"TB@ARI 04:05PM ET",0.000,"TB"
"TE","Ifeanyi Momah",2500,"TB@ARI 04:05PM ET",1.120,"ARI"
"TE","Troy Niklas",2500,"TB@ARI 04:05PM ET",0.920,"ARI"
"TE","Ricky Seals-Jones",2500,"TB@ARI 04:05PM ET",0.000,"ARI"
"TE","Antony Auclair",2500,"TB@ARI 04:05PM ET",0.000,"TB"
"TE","James O'Shaughnessy",2500,"LAR@JAX 04:05PM ET",1.000,"JAX"
"TE","Tyler Higbee",2500,"LAR@JAX 04:05PM ET",5.320,"LAR"
"TE","Ben Koyack",2500,"LAR@JAX 04:05PM ET",0.000,"JAX"
"TE","Derek Carrier",2500,"LAR@JAX 04:05PM ET",1.360,"LAR"
"TE","Gerald Everett",2500,"LAR@JAX 04:05PM ET",4.200,"LAR"
"TE","James Winchester",2500,"PIT@KC 04:25PM ET",0.000,"KC"
"TE","Xavier Grimble",2500,"PIT@KC 04:25PM ET",0.000,"PIT"
"TE","Ross Travis",2500,"PIT@KC 04:25PM ET",0.920,"KC"
"DST","Raiders ",2500,"LAC@OAK 04:25PM ET",4.200,"OAK"
"TE","Lee Smith",2500,"LAC@OAK 04:25PM ET",1.080,"OAK"
"TE","Sean McGrath",2500,"LAC@OAK 04:25PM ET",0.500,"LAC"
"TE","Clive Walford",2500,"LAC@OAK 04:25PM ET",0.520,"OAK"
"TE","Sean Culkin",2500,"LAC@OAK 04:25PM ET",0.000,"LAC"
"TE","Virgil Green",2500,"NYG@DEN 08:30PM ET",4.825,"DEN"
"TE","Jake Butt",2500,"NYG@DEN 08:30PM ET",0,"DEN"
"TE","Jeff Heuerman",2500,"NYG@DEN 08:30PM ET",1.375,"DEN"
"TE","Jerell Adams",2500,"NYG@DEN 08:30PM ET",1.380,"NYG"
"TE","Rhett Ellison",2500,"NYG@DEN 08:30PM ET",3.400,"NYG"
"TE","Matt LaCosse",2500,"NYG@DEN 08:30PM ET",0,"NYG"
"TE","Beau Brinkley",2500,"IND@TEN 08:30PM ET",0.000,"TEN"
"TE","Phillip Supernaw",2500,"IND@TEN 08:30PM ET",2.180,"TEN"
"TE","Brandon Williams",2500,"IND@TEN 08:30PM ET",2.720,"IND"
"TE","Darrell Daniels",2500,"IND@TEN 08:30PM ET",0.780,"IND"
"TE","Henry Krieger-Coble",2500,"IND@TEN 08:30PM ET",0.000,"IND"
"DST","Lions ",2400,"DET@NO 01:00PM ET",12.200,"DET"
"DST","Browns ",2300,"CLE@HOU 01:00PM ET",4.600,"CLE"
"DST","49ers ",2200,"SF@WAS 01:00PM ET",5.200,"SF"
"DST","Jets ",2100,"NE@NYJ 01:00PM ET",5.200,"NYJ"
"DST","Dolphins ",2000,"MIA@ATL 01:00PM ET",7.250,"MIA"
