"Position","Name","Salary","GameInfo","AvgPointsPerGame","teamAbbrev"
"RB","David Johnson",10000,"ARI@IND 01:00PM ET",14.100,"ARI"
"RB","Le'Veon Bell",9800,"MIN@PIT 01:00PM ET",7.700,"PIT"
"WR","Antonio Brown",9400,"MIN@PIT 01:00PM ET",32.200,"PIT"
"WR","Julio Jones",9200,"GB@ATL 08:30PM ET",10.600,"ATL"
"RB","LeSean McCoy",8600,"BUF@CAR 01:00PM ET",23.900,"BUF"
"WR","Brandin Cooks",8200,"NE@NO 01:00PM ET",11.800,"NE"
"WR","Amari Cooper",8100,"NYJ@OAK 04:05PM ET",17.200,"OAK"
"WR","Odell Beckham Jr.",8000,"DET@NYG 08:30PM ET",0,"NYG"
"QB","Tom Brady",7900,"NE@NO 01:00PM ET",10.680,"NE"
"WR","Jordy Nelson",7900,"GB@ATL 08:30PM ET",20.900,"GB"
"WR","A.J. Green",7800,"Final",12.050,"CIN"
"RB","Ezekiel Elliott",7800,"DAL@DEN 04:25PM ET",22.000,"DAL"
"QB","Drew Brees",7700,"NE@NO 01:00PM ET",15.640,"NO"
"WR","Mike Evans",7700,"CHI@TB 01:00PM ET",0,"TB"
"WR","Michael Thomas",7500,"NE@NO 01:00PM ET",9.500,"NO"
"QB","Matt Ryan",7500,"GB@ATL 08:30PM ET",20.940,"ATL"
"QB","Aaron Rodgers",7400,"GB@ATL 08:30PM ET",20.540,"GB"
"RB","Devonta Freeman",7300,"GB@ATL 08:30PM ET",11.900,"ATL"
"QB","Derek Carr",7200,"NYJ@OAK 04:05PM ET",18.680,"OAK"
"WR","Michael Crabtree",7100,"NYJ@OAK 04:05PM ET",14.300,"OAK"
"RB","Melvin Gordon",7000,"MIA@LAC 04:05PM ET",18.900,"LAC"
"TE","Rob Gronkowski",6900,"NE@NO 01:00PM ET",5.300,"NE"
"RB","Kareem Hunt",6800,"PHI@KC 01:00PM ET",49.600,"KC"
"RB","Todd Gurley II",6800,"WAS@LAR 04:25PM ET",20.600,"LAR"
"QB","Russell Wilson",6800,"SF@SEA 04:25PM ET",9.320,"SEA"
"WR","Golden Tate",6800,"DET@NYG 08:30PM ET",24.400,"DET"
"QB","Ben Roethlisberger",6700,"MIN@PIT 01:00PM ET",16.720,"PIT"
"WR","Doug Baldwin",6700,"SF@SEA 04:25PM ET",10.000,"SEA"
"WR","Dez Bryant",6600,"DAL@DEN 04:25PM ET",6.300,"DAL"
"QB","Cam Newton",6500,"BUF@CAR 01:00PM ET",14.140,"CAR"
"WR","Larry Fitzgerald",6500,"ARI@IND 01:00PM ET",13.400,"ARI"
"RB","Leonard Fournette",6500,"TEN@JAX 01:00PM ET",24.400,"JAX"
"QB","Marcus Mariota",6400,"TEN@JAX 01:00PM ET",18.840,"TEN"
"RB","Jay Ajayi",6400,"MIA@LAC 04:05PM ET",0,"MIA"
"RB","DeMarco Murray",6300,"TEN@JAX 01:00PM ET",8.000,"TEN"
"QB","Jameis Winston",6300,"CHI@TB 01:00PM ET",0,"TB"
"WR","Tyreek Hill",6200,"PHI@KC 01:00PM ET",29.800,"KC"
"WR","Stefon Diggs",6100,"MIN@PIT 01:00PM ET",27.700,"MIN"
"QB","Kirk Cousins",6100,"WAS@LAR 04:25PM ET",13.600,"WAS"
"QB","Carson Palmer",6000,"ARI@IND 01:00PM ET",11.960,"ARI"
"RB","Marshawn Lynch",6000,"NYJ@OAK 04:05PM ET",10.200,"OAK"
"WR","Terrelle Pryor Sr.",6000,"WAS@LAR 04:25PM ET",12.600,"WAS"
"QB","Andrew Luck",5900,"ARI@IND 01:00PM ET",0,"IND"
"QB","Carson Wentz",5900,"PHI@KC 01:00PM ET",23.880,"PHI"
"RB","Dalvin Cook",5900,"MIN@PIT 01:00PM ET",19.700,"MIN"
"RB","Jordan Howard",5900,"CHI@TB 01:00PM ET",15.600,"CHI"
"WR","Demaryius Thomas",5900,"DAL@DEN 04:25PM ET",11.700,"DEN"
"WR","Randall Cobb",5900,"GB@ATL 08:30PM ET",17.500,"GB"
"WR","DeAndre Hopkins",5800,"Final",16.400,"HOU"
"QB","Jimmy Garoppolo",5800,"NE@NO 01:00PM ET",0,"NE"
"QB","Philip Rivers",5800,"MIA@LAC 04:05PM ET",18.680,"LAC"
"WR","Keenan Allen",5800,"MIA@LAC 04:05PM ET",14.500,"LAC"
"RB","Ty Montgomery",5800,"GB@ATL 08:30PM ET",19.300,"GB"
"QB","Matthew Stafford",5800,"DET@NYG 08:30PM ET",28.080,"DET"
"QB","Alex Smith",5700,"PHI@KC 01:00PM ET",34.020,"KC"
"WR","Alshon Jeffery",5700,"PHI@KC 01:00PM ET",8.800,"PHI"
"RB","Mike Gillislee",5700,"NE@NO 01:00PM ET",22.500,"NE"
"WR","Kelvin Benjamin",5600,"BUF@CAR 01:00PM ET",3.500,"CAR"
"RB","Christian McCaffrey",5600,"BUF@CAR 01:00PM ET",12.500,"CAR"
"WR","Chris Hogan",5600,"NE@NO 01:00PM ET",3.500,"NE"
"QB","Dak Prescott",5600,"DAL@DEN 04:25PM ET",17.120,"DAL"
"WR","Davante Adams",5600,"GB@ATL 08:30PM ET",7.700,"GB"
"QB","Andy Dalton",5500,"Final",5.730,"CIN"
"QB","Derek Anderson",5500,"BUF@CAR 01:00PM ET",0,"CAR"
"TE","Greg Olsen",5500,"BUF@CAR 01:00PM ET",3.800,"CAR"
"RB","Derrick Henry",5500,"TEN@JAX 01:00PM ET",2.500,"TEN"
"QB","Sam Bradford",5500,"MIN@PIT 01:00PM ET",28.540,"MIN"
"WR","Martavis Bryant",5500,"MIN@PIT 01:00PM ET",3.400,"PIT"
"WR","Jarvis Landry",5500,"MIA@LAC 04:05PM ET",0,"MIA"
"QB","Jay Cutler",5400,"MIA@LAC 04:05PM ET",0,"MIA"
"WR","DeVante Parker",5400,"MIA@LAC 04:05PM ET",0,"MIA"
"RB","Lamar Miller",5300,"Final",11.650,"HOU"
"QB","Tyrod Taylor",5300,"BUF@CAR 01:00PM ET",19.760,"BUF"
"WR","T.Y. Hilton",5300,"ARI@IND 01:00PM ET",7.700,"IND"
"TE","Zach Ertz",5300,"PHI@KC 01:00PM ET",17.300,"PHI"
"RB","Tevin Coleman",5300,"GB@ATL 08:30PM ET",9.800,"ATL"
"QB","Eli Manning",5300,"DET@NYG 08:30PM ET",7.700,"NYG"
"QB","Joe Flacco",5200,"CLE@BAL 01:00PM ET",7.840,"BAL"
"RB","Darren McFadden",5200,"DAL@DEN 04:25PM ET",0,"DAL"
"WR","Emmanuel Sanders",5200,"DAL@DEN 04:25PM ET",5.600,"DEN"
"TE","Jordan Reed",5200,"WAS@LAR 04:25PM ET",8.600,"WAS"
"WR","Sammy Watkins",5200,"WAS@LAR 04:25PM ET",10.800,"LAR"
"RB","Terrance West",5100,"CLE@BAL 01:00PM ET",14.000,"BAL"
"QB","DeShone Kizer",5100,"CLE@BAL 01:00PM ET",19.580,"CLE"
"TE","Travis Kelce",5100,"PHI@KC 01:00PM ET",9.400,"KC"
"WR","Danny Amendola",5100,"NE@NO 01:00PM ET",19.000,"NE"
"QB","Jared Goff",5100,"WAS@LAR 04:25PM ET",19.440,"LAR"
"RB","Joe Mixon",5000,"Final",5.250,"CIN"
"WR","Jeremy Maclin",5000,"CLE@BAL 01:00PM ET",13.600,"BAL"
"WR","John Brown",5000,"ARI@IND 01:00PM ET",8.200,"ARI"
"WR","Adam Thielen",5000,"MIN@PIT 01:00PM ET",27.700,"MIN"
"RB","Bilal Powell",5000,"NYJ@OAK 04:05PM ET",8.900,"NYJ"
"QB","Colt McCoy",5000,"WAS@LAR 04:25PM ET",0,"WAS"
"WR","Brandon Marshall",5000,"DET@NYG 08:30PM ET",2.000,"NYG"
"RB","Isaiah Crowell",4900,"CLE@BAL 01:00PM ET",10.600,"CLE"
"RB","Mark Ingram",4900,"NE@NO 01:00PM ET",12.100,"NO"
"WR","DeSean Jackson",4900,"CHI@TB 01:00PM ET",0,"TB"
"QB","Trevor Siemian",4900,"DAL@DEN 04:25PM ET",23.660,"DEN"
"WR","Jamison Crowder",4900,"WAS@LAR 04:25PM ET",3.400,"WAS"
"TE","Jimmy Graham",4900,"SF@SEA 04:25PM ET",3.800,"SEA"
"WR","Pierre Garcon",4900,"SF@SEA 04:25PM ET",14.100,"SF"
"RB","Carlos Hyde",4900,"SF@SEA 04:25PM ET",13.700,"SF"
"RB","Kerwynn Williams",4800,"ARI@IND 01:00PM ET",8.200,"ARI"
"WR","Allen Robinson",4800,"TEN@JAX 01:00PM ET",2.700,"JAX"
"WR","Ted Ginn Jr.",4800,"NE@NO 01:00PM ET",9.800,"NO"
"QB","AJ McCarron",4700,"Final",0,"CIN"
"WR","Corey Coleman",4700,"CLE@BAL 01:00PM ET",16.300,"CLE"
"TE","Delanie Walker",4700,"TEN@JAX 01:00PM ET",14.600,"TEN"
"QB","Patrick Mahomes II",4700,"PHI@KC 01:00PM ET",0,"KC"
"RB","Adrian Peterson",4700,"NE@NO 01:00PM ET",1.800,"NO"
"WR","Tyrell Williams",4700,"MIA@LAC 04:05PM ET",10.400,"LAC"
"RB","C.J. Anderson",4700,"DAL@DEN 04:25PM ET",9.800,"DEN"
"WR","Sterling Shepard",4700,"DET@NYG 08:30PM ET",12.000,"NYG"
"QB","Tom Savage",4600,"Final",0.480,"HOU"
"WR","Rishard Matthews",4600,"TEN@JAX 01:00PM ET",12.100,"TEN"
"QB","Chase Daniel",4600,"NE@NO 01:00PM ET",0,"NO"
"QB","Mike Glennon",4600,"CHI@TB 01:00PM ET",12.520,"CHI"
"RB","Thomas Rawls",4600,"SF@SEA 04:25PM ET",0,"SEA"
"RB","Danny Woodhead",4500,"CLE@BAL 01:00PM ET",6.700,"BAL"
"QB","Jacoby Brissett",4500,"ARI@IND 01:00PM ET",2.040,"IND"
"WR","Willie Snead",4500,"NE@NO 01:00PM ET",0,"NO"
"QB","Case Keenum",4500,"MIN@PIT 01:00PM ET",0,"MIN"
"QB","Landry Jones",4500,"MIN@PIT 01:00PM ET",0,"PIT"
"RB","James Conner",4500,"MIN@PIT 01:00PM ET",1.100,"PIT"
"QB","Mitchell Trubisky",4500,"CHI@TB 01:00PM ET",0.000,"CHI"
"QB","Matt Moore",4500,"MIA@LAC 04:05PM ET",0,"MIA"
"QB","Cardale Jones",4500,"MIA@LAC 04:05PM ET",0,"LAC"
"QB","Josh McCown",4500,"NYJ@OAK 04:05PM ET",11.480,"NYJ"
"RB","Alfred Morris",4500,"DAL@DEN 04:25PM ET",0.100,"DAL"
"QB","Cooper Rush",4500,"DAL@DEN 04:25PM ET",0,"DAL"
"QB","Brian Hoyer",4500,"SF@SEA 04:25PM ET",5.220,"SF"
"WR","Mohamed Sanu",4500,"GB@ATL 08:30PM ET",10.700,"ATL"
"RB","Theo Riddick",4500,"DET@NYG 08:30PM ET",14.600,"DET"
"QB","Geno Smith",4500,"DET@NYG 08:30PM ET",0,"NYG"
"QB","Deshaun Watson",4400,"Final",12.690,"HOU"
"RB","Jonathan Stewart",4400,"BUF@CAR 01:00PM ET",16.200,"CAR"
"WR","Eric Decker",4400,"TEN@JAX 01:00PM ET",4.000,"TEN"
"QB","Blake Bortles",4400,"TEN@JAX 01:00PM ET",10.300,"JAX"
"RB","LeGarrette Blount",4400,"PHI@KC 01:00PM ET",11.700,"PHI"
"WR","Nelson Agholor",4400,"PHI@KC 01:00PM ET",20.600,"PHI"
"QB","Ryan Fitzpatrick",4400,"CHI@TB 01:00PM ET",0,"TB"
"RB","Jacquizz Rodgers",4400,"CHI@TB 01:00PM ET",0,"TB"
"RB","Jamaal Williams",4400,"GB@ATL 08:30PM ET",0.900,"GB"
"TE","Tyler Eifert",4300,"Final",4.300,"CIN"
"QB","Scott Tolzien",4300,"ARI@IND 01:00PM ET",3.320,"IND"
"QB","Blaine Gabbert",4300,"ARI@IND 01:00PM ET",0,"ARI"
"QB","Matt Cassel",4300,"TEN@JAX 01:00PM ET",0,"TEN"
"QB","Chad Henne",4300,"TEN@JAX 01:00PM ET",0,"JAX"
"QB","Nick Foles",4300,"PHI@KC 01:00PM ET",0,"PHI"
"RB","Doug Martin",4300,"CHI@TB 01:00PM ET",0,"TB"
"QB","Connor Cook",4300,"NYJ@OAK 04:05PM ET",0,"OAK"
"WR","Cole Beasley",4300,"DAL@DEN 04:25PM ET",6.200,"DAL"
"QB","Austin Davis",4300,"SF@SEA 04:25PM ET",0,"SEA"
"QB","Matt Schaub",4300,"GB@ATL 08:30PM ET",0.000,"ATL"
"RB","Alfred Blue",4200,"Final",0,"HOU"
"QB","Cody Kessler",4200,"CLE@BAL 01:00PM ET",0,"CLE"
"TE","Kyle Rudolph",4200,"MIN@PIT 01:00PM ET",11.600,"MIN"
"RB","Matt Forte",4200,"NYJ@OAK 04:05PM ET",6.600,"NYJ"
"RB","Jamaal Charles",4200,"DAL@DEN 04:25PM ET",3.000,"DEN"
"QB","Brock Osweiler",4200,"DAL@DEN 04:25PM ET",0,"DEN"
"QB","Sean Mannion",4200,"WAS@LAR 04:25PM ET",-0.220,"LAR"
"RB","Eddie Lacy",4200,"SF@SEA 04:25PM ET",0.300,"SEA"
"WR","Paul Richardson",4200,"SF@SEA 04:25PM ET",9.900,"SEA"
"QB","C.J. Beathard",4200,"SF@SEA 04:25PM ET",0,"SF"
"QB","Brett Hundley",4200,"GB@ATL 08:30PM ET",0,"GB"
"QB","Jake Rudock",4200,"DET@NYG 08:30PM ET",0.000,"DET"
"WR","Marvin Jones Jr.",4200,"DET@NYG 08:30PM ET",11.700,"DET"
"RB","D'Onta Foreman",4100,"Final",2.200,"HOU"
"RB","Javorius Allen",4100,"CLE@BAL 01:00PM ET",7.100,"BAL"
"DST","Cardinals ",4100,"ARI@IND 01:00PM ET",8.000,"ARI"
"WR","Corey Davis",4100,"TEN@JAX 01:00PM ET",12.900,"TEN"
"RB","Latavius Murray",4100,"MIN@PIT 01:00PM ET",0.600,"MIN"
"RB","Tarik Cohen",4100,"CHI@TB 01:00PM ET",25.300,"CHI"
"QB","Christian Hackenberg",4100,"NYJ@OAK 04:05PM ET",0,"NYJ"
"WR","Cooper Kupp",4100,"WAS@LAR 04:25PM ET",17.600,"LAR"
"RB","Chris Carson",4100,"SF@SEA 04:25PM ET",5.900,"SEA"
"RB","Ameer Abdullah",4100,"DET@NYG 08:30PM ET",7.100,"DET"
"RB","Giovani Bernard",4000,"Final",6.750,"CIN"
"WR","Kenny Britt",4000,"CLE@BAL 01:00PM ET",2.300,"CLE"
"QB","Ryan Mallett",4000,"CLE@BAL 01:00PM ET",0,"BAL"
"WR","Josh Gordon",4000,"CLE@BAL 01:00PM ET",0,"CLE"
"QB","Kevin Hogan",4000,"CLE@BAL 01:00PM ET",0,"CLE"
"QB","Joe Webb",4000,"BUF@CAR 01:00PM ET",0.000,"BUF"
"QB","Nathan Peterman",4000,"BUF@CAR 01:00PM ET",0,"BUF"
"QB","Brad Kaaya",4000,"BUF@CAR 01:00PM ET",0,"CAR"
"RB","Frank Gore",4000,"ARI@IND 01:00PM ET",6.200,"IND"
"QB","Drew Stanton",4000,"ARI@IND 01:00PM ET",0,"ARI"
"RB","Robert Turbin",4000,"ARI@IND 01:00PM ET",1.300,"IND"
"RB","Andre Ellington",4000,"ARI@IND 01:00PM ET",5.500,"ARI"
"WR","Donte Moncrief",4000,"ARI@IND 01:00PM ET",6.000,"IND"
"QB","Tyler Bray",4000,"PHI@KC 01:00PM ET",0,"KC"
"RB","Charcandrick West",4000,"PHI@KC 01:00PM ET",9.500,"KC"
"QB","Taysom Hill",4000,"NE@NO 01:00PM ET",0,"NO"
"RB","James White",4000,"NE@NO 01:00PM ET",9.800,"NE"
"QB","Joshua Dobbs",4000,"MIN@PIT 01:00PM ET",0,"PIT"
"QB","Mark Sanchez",4000,"CHI@TB 01:00PM ET",0,"CHI"
"WR","Kevin White",4000,"CHI@TB 01:00PM ET",2.600,"CHI"
"QB","Kellen Clemens",4000,"MIA@LAC 04:05PM ET",0,"LAC"
"RB","Branden Oliver",4000,"MIA@LAC 04:05PM ET",1.000,"LAC"
"RB","Kenyan Drake",4000,"MIA@LAC 04:05PM ET",0,"MIA"
"QB","EJ Manuel",4000,"NYJ@OAK 04:05PM ET",0,"OAK"
"QB","Bryce Petty",4000,"NYJ@OAK 04:05PM ET",0,"NYJ"
"RB","DeAndre Washington",4000,"NYJ@OAK 04:05PM ET",4.200,"OAK"
"RB","Jalen Richard",4000,"NYJ@OAK 04:05PM ET",3.800,"OAK"
"QB","Kellen Moore",4000,"DAL@DEN 04:25PM ET",0,"DAL"
"QB","Paxton Lynch",4000,"DAL@DEN 04:25PM ET",0,"DEN"
"QB","Brandon Allen",4000,"WAS@LAR 04:25PM ET",0,"LAR"
"DST","Seahawks ",4000,"SF@SEA 04:25PM ET",7.000,"SEA"
"WR","Tyler Lockett",4000,"SF@SEA 04:25PM ET",1.800,"SEA"
"WR","Taylor Gabriel",4000,"GB@ATL 08:30PM ET",6.600,"ATL"
"WR","Kenny Golladay",4000,"DET@NYG 08:30PM ET",22.900,"DET"
"QB","Davis Webb",4000,"DET@NYG 08:30PM ET",0,"NYG"
"RB","Shane Vereen",4000,"DET@NYG 08:30PM ET",14.100,"NYG"
"DST","Bengals ",3900,"Final",5.500,"CIN"
"RB","Jeremy Hill",3900,"Final",3.150,"CIN"
"WR","Mike Wallace",3900,"CLE@BAL 01:00PM ET",1.800,"BAL"
"RB","Duke Johnson Jr.",3900,"CLE@BAL 01:00PM ET",4.000,"CLE"
"WR","Jordan Matthews",3900,"BUF@CAR 01:00PM ET",8.100,"BUF"
"WR","Devin Funchess",3900,"BUF@CAR 01:00PM ET",4.000,"CAR"
"WR","Allen Hurns",3900,"TEN@JAX 01:00PM ET",7.200,"JAX"
"RB","T.J. Yeldon",3900,"TEN@JAX 01:00PM ET",0,"JAX"
"RB","Darren Sproles",3900,"PHI@KC 01:00PM ET",9.500,"PHI"
"RB","Rex Burkhead",3900,"NE@NO 01:00PM ET",3.300,"NE"
"WR","Phillip Dorsett",3900,"NE@NO 01:00PM ET",0.000,"NE"
"WR","Kendall Wright",3900,"CHI@TB 01:00PM ET",6.400,"CHI"
"RB","Charles Sims",3900,"CHI@TB 01:00PM ET",0,"TB"
"WR","Kenny Stills",3900,"MIA@LAC 04:05PM ET",0,"MIA"
"WR","Jermaine Kearse",3900,"NYJ@OAK 04:05PM ET",12.900,"NYJ"
"RB","Rob Kelley",3900,"WAS@LAR 04:25PM ET",3.000,"WAS"
"RB","Malcolm Brown",3900,"WAS@LAR 04:25PM ET",7.600,"LAR"
"RB","C.J. Prosise",3900,"SF@SEA 04:25PM ET",1.100,"SEA"
"TE","Martellus Bennett",3900,"GB@ATL 08:30PM ET",7.300,"GB"
"WR","Will Fuller V",3800,"Final",0,"HOU"
"RB","Mike Tolbert",3800,"BUF@CAR 01:00PM ET",12.400,"BUF"
"WR","J.J. Nelson",3800,"ARI@IND 01:00PM ET",15.300,"ARI"
"RB","Marlon Mack",3800,"ARI@IND 01:00PM ET",11.500,"IND"
"WR","Marqise Lee",3800,"TEN@JAX 01:00PM ET",0.000,"JAX"
"RB","Wendell Smallwood",3800,"PHI@KC 01:00PM ET",1.900,"PHI"
"RB","Damien Williams",3800,"MIA@LAC 04:05PM ET",0,"MIA"
"RB","Chris Thompson",3800,"WAS@LAR 04:25PM ET",15.600,"WAS"
"RB","Samaje Perine",3800,"WAS@LAR 04:25PM ET",0.000,"WAS"
"RB","Matt Breida",3800,"SF@SEA 04:25PM ET",1.100,"SF"
"RB","Dwayne Washington",3800,"DET@NYG 08:30PM ET",2.200,"DET"
"RB","Paul Perkins",3800,"DET@NYG 08:30PM ET",4.500,"NYG"
"WR","Brandon LaFell",3700,"Final",6.200,"CIN"
"DST","Ravens ",3700,"CLE@BAL 01:00PM ET",25.000,"BAL"
"WR","Mike Williams",3700,"MIA@LAC 04:05PM ET",0,"LAC"
"RB","Aaron Jones",3700,"GB@ATL 08:30PM ET",0,"GB"
"WR","Tyler Boyd",3600,"Final",2.100,"CIN"
"DST","Panthers ",3600,"BUF@CAR 01:00PM ET",15.000,"CAR"
"RB","Chris Ivory",3600,"TEN@JAX 01:00PM ET",6.300,"JAX"
"WR","Taywan Taylor",3600,"TEN@JAX 01:00PM ET",3.400,"TEN"
"WR","Torrey Smith",3600,"PHI@KC 01:00PM ET",4.000,"PHI"
"WR","Eli Rogers",3600,"MIN@PIT 01:00PM ET",3.100,"PIT"
"WR","Adam Humphries",3600,"CHI@TB 01:00PM ET",0,"TB"
"TE","Hunter Henry",3600,"MIA@LAC 04:05PM ET",0.000,"LAC"
"WR","Jeremy Kerley",3600,"NYJ@OAK 04:05PM ET",0,"NYJ"
"WR","Terrance Williams",3600,"DAL@DEN 04:25PM ET",12.800,"DAL"
"RB","De'Angelo Henderson",3600,"DAL@DEN 04:25PM ET",0.000,"DEN"
"WR","Jaelen Strong",3500,"Final",0.000,"HOU"
"WR","Russell Shepard",3500,"BUF@CAR 01:00PM ET",13.300,"CAR"
"WR","Zay Jones",3500,"BUF@CAR 01:00PM ET",3.100,"BUF"
"RB","C.J. Spiller",3500,"PHI@KC 01:00PM ET",0,"KC"
"RB","Alvin Kamara",3500,"NE@NO 01:00PM ET",7.800,"NO"
"WR","Markus Wheaton",3500,"CHI@TB 01:00PM ET",0,"CHI"
"WR","Travis Benjamin",3500,"MIA@LAC 04:05PM ET",13.300,"LAC"
"DST","Raiders ",3500,"NYJ@OAK 04:05PM ET",2.000,"OAK"
"RB","Elijah McGuire",3500,"NYJ@OAK 04:05PM ET",0.000,"NYJ"
"RB","Devontae Booker",3500,"DAL@DEN 04:25PM ET",0,"DEN"
"WR","Ryan Grant",3500,"WAS@LAR 04:25PM ET",10.100,"WAS"
"WR","Tavon Austin",3500,"WAS@LAR 04:25PM ET",1.800,"LAR"
"WR","Josh Doctson",3500,"WAS@LAR 04:25PM ET",0.000,"WAS"
"WR","Marquise Goodwin",3500,"SF@SEA 04:25PM ET",5.100,"SF"
"TE","Austin Hooper",3500,"GB@ATL 08:30PM ET",23.800,"ATL"
"RB","Devante Mays",3500,"GB@ATL 08:30PM ET",0.000,"GB"
"WR","Braxton Miller",3400,"Final",1.500,"HOU"
"RB","Dion Lewis",3400,"NE@NO 01:00PM ET",0.900,"NE"
"WR","Dontrelle Inman",3400,"MIA@LAC 04:05PM ET",0,"LAC"
"WR","Robby Anderson",3400,"NYJ@OAK 04:05PM ET",6.200,"NYJ"
"WR","Seth Roberts",3400,"NYJ@OAK 04:05PM ET",8.900,"OAK"
"DST","Broncos ",3400,"DAL@DEN 04:25PM ET",5.000,"DEN"
"TE","Jason Witten",3400,"DAL@DEN 04:25PM ET",18.900,"DAL"
"WR","Robert Woods",3400,"WAS@LAR 04:25PM ET",8.300,"LAR"
"RB","Orleans Darkwa",3400,"DET@NYG 08:30PM ET",2.300,"NYG"
"DST","Giants ",3400,"DET@NYG 08:30PM ET",2.000,"NYG"
"WR","Bruce Ellington",3300,"Final",0.000,"HOU"
"WR","John Ross",3300,"Final",0.200,"CIN"
"WR","Sammie Coates",3300,"CLE@BAL 01:00PM ET",0.000,"CLE"
"DST","Titans ",3300,"TEN@JAX 01:00PM ET",2.000,"TEN"
"WR","Albert Wilson",3300,"PHI@KC 01:00PM ET",8.700,"KC"
"WR","Brandon Coleman",3300,"NE@NO 01:00PM ET",3.300,"NO"
"WR","Laquon Treadwell",3300,"MIN@PIT 01:00PM ET",1.700,"MIN"
"TE","Jared Cook",3300,"NYJ@OAK 04:05PM ET",10.600,"OAK"
"RB","Rod Smith",3300,"DAL@DEN 04:25PM ET",0.000,"DAL"
"WR","Jeff Janis",3300,"GB@ATL 08:30PM ET",0.000,"GB"
"RB","Zach Zenner",3300,"DET@NYG 08:30PM ET",0,"DET"
"DST","Lions ",3300,"DET@NYG 08:30PM ET",16.000,"DET"
"WR","Roger Lewis",3300,"DET@NYG 08:30PM ET",9.400,"NYG"
"WR","Curtis Samuel",3200,"BUF@CAR 01:00PM ET",0.000,"CAR"
"WR","Jaron Brown",3200,"ARI@IND 01:00PM ET",0.000,"ARI"
"WR","Chris Conley",3200,"PHI@KC 01:00PM ET",6.300,"KC"
"RB","Jerick McKinnon",3200,"MIN@PIT 01:00PM ET",6.700,"MIN"
"TE","Jesse James",3200,"MIN@PIT 01:00PM ET",22.100,"PIT"
"DST","Buccaneers ",3200,"CHI@TB 01:00PM ET",0,"TB"
"WR","ArDarius Stewart",3200,"NYJ@OAK 04:05PM ET",3.000,"NYJ"
"TE","Evan Engram",3200,"DET@NYG 08:30PM ET",8.400,"NYG"
"DST","Texans ",3100,"Final",4.500,"HOU"
"TE","C.J. Fiedorowicz",3100,"Final",8.600,"HOU"
"WR","Breshad Perriman",3100,"CLE@BAL 01:00PM ET",1.500,"BAL"
"RB","Fozzy Whittaker",3100,"BUF@CAR 01:00PM ET",0.100,"CAR"
"DST","Jaguars ",3100,"TEN@JAX 01:00PM ET",28.000,"JAX"
"TE","Coby Fleener",3100,"NE@NO 01:00PM ET",16.400,"NO"
"WR","Austin Carr",3100,"NE@NO 01:00PM ET",0,"NO"
"RB","Jordan Todman",3000,"Final",0.000,"HOU"
"RB","Jay Prosch",3000,"Final",0.000,"HOU"
"RB","Tyler Ervin",3000,"Final",5.600,"HOU"
"WR","Alex Erickson",3000,"Final",5.200,"CIN"
"WR","Cody Core",3000,"Final",0.000,"CIN"
"WR","Andy Jones",3000,"Final",0.000,"HOU"
"WR","Josh Malone",3000,"Final",0,"CIN"
"WR","Michael Campanaro",3000,"CLE@BAL 01:00PM ET",0.200,"BAL"
"WR","Chris Matthews",3000,"CLE@BAL 01:00PM ET",0.000,"BAL"
"WR","Chris Moore",3000,"CLE@BAL 01:00PM ET",0.000,"BAL"
"WR","Kasen Williams",3000,"CLE@BAL 01:00PM ET",0.000,"CLE"
"RB","Danny Vitale",3000,"CLE@BAL 01:00PM ET",0.000,"CLE"
"WR","Ricardo Louis",3000,"CLE@BAL 01:00PM ET",5.200,"CLE"
"WR","Reggie Davis",3000,"CLE@BAL 01:00PM ET",0,"CLE"
"RB","Matthew Dayes",3000,"CLE@BAL 01:00PM ET",3.600,"CLE"
"WR","Vince Mayle",3000,"CLE@BAL 01:00PM ET",0.000,"BAL"
"WR","Brandon Tate",3000,"BUF@CAR 01:00PM ET",0.000,"BUF"
"RB","Taiwan Jones",3000,"BUF@CAR 01:00PM ET",0.000,"BUF"
"RB","Joe Banyard",3000,"BUF@CAR 01:00PM ET",0.000,"BUF"
"TE","Charles Clay",3000,"BUF@CAR 01:00PM ET",15.300,"BUF"
"RB","Patrick DiMarco",3000,"BUF@CAR 01:00PM ET",1.500,"BUF"
"WR","Walter Powell",3000,"BUF@CAR 01:00PM ET",0,"BUF"
"WR","Kaelin Clay",3000,"BUF@CAR 01:00PM ET",0,"BUF"
"WR","Andre Holmes",3000,"BUF@CAR 01:00PM ET",7.100,"BUF"
"WR","Damiere Byrd",3000,"BUF@CAR 01:00PM ET",0.000,"CAR"
"RB","Cameron Artis-Payne",3000,"BUF@CAR 01:00PM ET",0,"CAR"
"WR","Kamar Aiken",3000,"ARI@IND 01:00PM ET",1.300,"IND"
"WR","Matt Hazel",3000,"ARI@IND 01:00PM ET",1.100,"IND"
"WR","Quan Bray",3000,"ARI@IND 01:00PM ET",0.000,"IND"
"RB","Elijhaa Penny",3000,"ARI@IND 01:00PM ET",0.000,"ARI"
"WR","Brittan Golden",3000,"ARI@IND 01:00PM ET",0.000,"ARI"
"WR","Chester Rogers",3000,"ARI@IND 01:00PM ET",0,"IND"
"WR","Chad Williams",3000,"ARI@IND 01:00PM ET",0,"ARI"
"WR","Eric Weems",3000,"TEN@JAX 01:00PM ET",0.000,"TEN"
"WR","Arrelious Benn",3000,"TEN@JAX 01:00PM ET",2.200,"JAX"
"RB","Tommy Bohanon",3000,"TEN@JAX 01:00PM ET",7.100,"JAX"
"RB","Jalston Fowler",3000,"TEN@JAX 01:00PM ET",0.000,"TEN"
"RB","Corey Grant",3000,"TEN@JAX 01:00PM ET",0.000,"JAX"
"RB","David Fluellen",3000,"TEN@JAX 01:00PM ET",0.000,"TEN"
"WR","Keelan Cole",3000,"TEN@JAX 01:00PM ET",0.000,"JAX"
"RB","Anthony Sherman",3000,"PHI@KC 01:00PM ET",0.000,"KC"
"WR","De'Anthony Thomas",3000,"PHI@KC 01:00PM ET",1.200,"KC"
"WR","Marcus Johnson",3000,"PHI@KC 01:00PM ET",0.000,"PHI"
"WR","Jehu Chesson",3000,"PHI@KC 01:00PM ET",0.000,"KC"
"WR","Mack Hollins",3000,"PHI@KC 01:00PM ET",0.000,"PHI"
"WR","Demarcus Robinson",3000,"PHI@KC 01:00PM ET",0.000,"KC"
"WR","Shelton Gibson",3000,"PHI@KC 01:00PM ET",0,"PHI"
"RB","Corey Clement",3000,"PHI@KC 01:00PM ET",0.000,"PHI"
"RB","Donnel Pumphrey",3000,"PHI@KC 01:00PM ET",0,"PHI"
"WR","Matthew Slater",3000,"NE@NO 01:00PM ET",0,"NE"
"RB","John Kuhn",3000,"NE@NO 01:00PM ET",0.200,"NO"
"RB","James Develin",3000,"NE@NO 01:00PM ET",0.000,"NE"
"RB","Brandon Bolden",3000,"NE@NO 01:00PM ET",0.000,"NE"
"WR","Tommylee Lewis",3000,"NE@NO 01:00PM ET",7.200,"NO"
"RB","Trey Edmunds",3000,"NE@NO 01:00PM ET",0.000,"NO"
"DST","Steelers ",3000,"MIN@PIT 01:00PM ET",18.000,"PIT"
"WR","Darrius Heyward-Bey",3000,"MIN@PIT 01:00PM ET",0.000,"PIT"
"WR","Michael Floyd",3000,"MIN@PIT 01:00PM ET",0,"MIN"
"WR","Jarius Wright",3000,"MIN@PIT 01:00PM ET",3.100,"MIN"
"WR","Justin Hunter",3000,"MIN@PIT 01:00PM ET",0,"PIT"
"RB","Roosevelt Nix",3000,"MIN@PIT 01:00PM ET",0.000,"PIT"
"RB","Terrell Watson",3000,"MIN@PIT 01:00PM ET",0.000,"PIT"
"WR","Stacy Coley",3000,"MIN@PIT 01:00PM ET",0.000,"MIN"
"WR","Rodney Adams",3000,"MIN@PIT 01:00PM ET",0,"MIN"
"WR","JuJu Smith-Schuster",3000,"MIN@PIT 01:00PM ET",0.000,"PIT"
"RB","C.J. Ham",3000,"MIN@PIT 01:00PM ET",0.000,"MIN"
"WR","Deonte Thompson",3000,"CHI@TB 01:00PM ET",2.500,"CHI"
"RB","Benny Cunningham",3000,"CHI@TB 01:00PM ET",0.000,"CHI"
"TE","Cameron Brate",3000,"CHI@TB 01:00PM ET",0,"TB"
"WR","Josh Bellamy",3000,"CHI@TB 01:00PM ET",5.700,"CHI"
"RB","Michael Burton",3000,"CHI@TB 01:00PM ET",0.700,"CHI"
"WR","Bernard Reedy",3000,"CHI@TB 01:00PM ET",0,"TB"
"WR","Tre McBride",3000,"CHI@TB 01:00PM ET",0,"CHI"
"RB","Peyton Barber",3000,"CHI@TB 01:00PM ET",0,"TB"
"RB","Taquan Mizzell",3000,"CHI@TB 01:00PM ET",0,"CHI"
"WR","Chris Godwin",3000,"CHI@TB 01:00PM ET",0,"TB"
"TE","Antonio Gates",3000,"MIA@LAC 04:05PM ET",3.700,"LAC"
"RB","Senorise Perry",3000,"MIA@LAC 04:05PM ET",0,"MIA"
"WR","Jakeem Grant",3000,"MIA@LAC 04:05PM ET",0,"MIA"
"RB","Derek Watt",3000,"MIA@LAC 04:05PM ET",0.000,"LAC"
"WR","Leonte Carroo",3000,"MIA@LAC 04:05PM ET",0,"MIA"
"RB","Austin Ekeler",3000,"MIA@LAC 04:05PM ET",3.800,"LAC"
"RB","Jamize Olawale",3000,"NYJ@OAK 04:05PM ET",0,"OAK"
"WR","Charone Peake",3000,"NYJ@OAK 04:05PM ET",0.000,"NYJ"
"WR","Cordarrelle Patterson",3000,"NYJ@OAK 04:05PM ET",1.700,"OAK"
"WR","Kalif Raymond",3000,"NYJ@OAK 04:05PM ET",0.000,"NYJ"
"WR","Jalin Marshall",3000,"NYJ@OAK 04:05PM ET",0,"NYJ"
"WR","Johnny Holton",3000,"NYJ@OAK 04:05PM ET",0.000,"OAK"
"WR","Chad Hansen",3000,"NYJ@OAK 04:05PM ET",0.000,"NYJ"
"WR","Brice Butler",3000,"DAL@DEN 04:25PM ET",4.000,"DAL"
"WR","Bennie Fowler",3000,"DAL@DEN 04:25PM ET",17.100,"DEN"
"WR","Jordan Taylor",3000,"DAL@DEN 04:25PM ET",0,"DEN"
"RB","Keith Smith",3000,"DAL@DEN 04:25PM ET",0.000,"DAL"
"WR","Cody Latimer",3000,"DAL@DEN 04:25PM ET",0.000,"DEN"
"RB","Andy Janovich",3000,"DAL@DEN 04:25PM ET",0.000,"DEN"
"WR","Ryan Switzer",3000,"DAL@DEN 04:25PM ET",0.000,"DAL"
"WR","Isaiah McKenzie",3000,"DAL@DEN 04:25PM ET",0.000,"DEN"
"WR","Noah Brown",3000,"DAL@DEN 04:25PM ET",0,"DAL"
"DST","Rams ",3000,"WAS@LAR 04:25PM ET",28.000,"LAR"
"TE","Vernon Davis",3000,"WAS@LAR 04:25PM ET",0.000,"WAS"
"WR","Brian Quick",3000,"WAS@LAR 04:25PM ET",2.100,"WAS"
"RB","Mack Brown",3000,"WAS@LAR 04:25PM ET",0,"WAS"
"RB","Justin Davis",3000,"WAS@LAR 04:25PM ET",0.100,"LAR"
"WR","Pharoh Cooper",3000,"WAS@LAR 04:25PM ET",0.000,"LAR"
"WR","Josh Reynolds",3000,"WAS@LAR 04:25PM ET",0.000,"LAR"
"WR","Michael Thomas",3000,"WAS@LAR 04:25PM ET",0,"LAR"
"WR","Aldrick Robinson",3000,"SF@SEA 04:25PM ET",1.700,"SF"
"RB","Kyle Juszczyk",3000,"SF@SEA 04:25PM ET",3.700,"SF"
"RB","Tre Madden",3000,"SF@SEA 04:25PM ET",0.000,"SEA"
"WR","Tanner McEvoy",3000,"SF@SEA 04:25PM ET",0.000,"SEA"
"RB","Raheem Mostert",3000,"SF@SEA 04:25PM ET",0.000,"SF"
"RB","J.D. McKissic",3000,"SF@SEA 04:25PM ET",0,"SEA"
"WR","Amara Darboh",3000,"SF@SEA 04:25PM ET",0.000,"SEA"
"WR","Trent Taylor",3000,"SF@SEA 04:25PM ET",1.800,"SF"
"WR","Victor Bolden Jr.",3000,"SF@SEA 04:25PM ET",0,"SF"
"WR","Kendrick Bourne",3000,"SF@SEA 04:25PM ET",0.000,"SF"
"WR","Andre Roberts",3000,"GB@ATL 08:30PM ET",0.000,"ATL"
"RB","Derrick Coleman",3000,"GB@ATL 08:30PM ET",0.000,"ATL"
"WR","Nick Williams",3000,"GB@ATL 08:30PM ET",0,"ATL"
"WR","Justin Hardy",3000,"GB@ATL 08:30PM ET",0.000,"ATL"
"RB","Terron Ward",3000,"GB@ATL 08:30PM ET",0.000,"ATL"
"RB","Aaron Ripkowski",3000,"GB@ATL 08:30PM ET",0.000,"GB"
"WR","Trevor Davis",3000,"GB@ATL 08:30PM ET",0.000,"GB"
"WR","Geronimo Allison",3000,"GB@ATL 08:30PM ET",0,"GB"
"RB","Brian Hill",3000,"GB@ATL 08:30PM ET",0,"ATL"
"RB","Tion Green",3000,"DET@NYG 08:30PM ET",0,"DET"
"WR","TJ Jones",3000,"DET@NYG 08:30PM ET",5.200,"DET"
"WR","Jared Abbrederis",3000,"DET@NYG 08:30PM ET",0,"DET"
"TE","Eric Ebron",3000,"DET@NYG 08:30PM ET",2.900,"DET"
"RB","Wayne Gallman",3000,"DET@NYG 08:30PM ET",0,"NYG"
"RB","Shane Smith",3000,"DET@NYG 08:30PM ET",0.000,"NYG"
"WR","Tavarres King",3000,"DET@NYG 08:30PM ET",0,"NYG"
"WR","Dwayne Harris",3000,"DET@NYG 08:30PM ET",0.000,"NYG"
"TE","Jack Doyle",2900,"ARI@IND 01:00PM ET",6.100,"IND"
"DST","Chiefs ",2900,"PHI@KC 01:00PM ET",3.000,"KC"
"DST","Eagles ",2900,"PHI@KC 01:00PM ET",22.000,"PHI"
"TE","Zach Miller",2900,"CHI@TB 01:00PM ET",7.900,"CHI"
"TE","O.J. Howard",2900,"CHI@TB 01:00PM ET",0,"TB"
"DST","Redskins ",2900,"WAS@LAR 04:25PM ET",12.000,"WAS"
"DST","Chargers ",2800,"MIA@LAC 04:05PM ET",8.000,"LAC"
"TE","Julius Thomas",2800,"MIA@LAC 04:05PM ET",0,"MIA"
"TE","Ryan Griffin",2700,"Final",0.000,"HOU"
"DST","Bills ",2700,"BUF@CAR 01:00PM ET",9.000,"BUF"
"TE","Jermaine Gresham",2700,"ARI@IND 01:00PM ET",4.500,"ARI"
"DST","Vikings ",2700,"MIN@PIT 01:00PM ET",2.000,"MIN"
"TE","Austin Seferian-Jenkins",2700,"NYJ@OAK 04:05PM ET",0,"NYJ"
"TE","Virgil Green",2700,"DAL@DEN 04:25PM ET",5.400,"DEN"
"TE","Richard Rodgers",2700,"GB@ATL 08:30PM ET",0.000,"GB"
"TE","Benjamin Watson",2600,"CLE@BAL 01:00PM ET",0.000,"BAL"
"TE","Demetrius Harris",2600,"PHI@KC 01:00PM ET",9.500,"KC"
"TE","Vance McDonald",2600,"MIN@PIT 01:00PM ET",0.000,"PIT"
"DST","Dolphins ",2600,"MIA@LAC 04:05PM ET",0,"MIA"
"TE","Will Tye",2600,"NYJ@OAK 04:05PM ET",6.400,"NYJ"
"DST","Cowboys ",2600,"DAL@DEN 04:25PM ET",12.000,"DAL"
"TE","A.J. Derby",2600,"DAL@DEN 04:25PM ET",6.400,"DEN"
"TE","Tyler Higbee",2600,"WAS@LAR 04:25PM ET",3.700,"LAR"
"TE","Clark Harris",2500,"Final",0.000,"CIN"
"TE","Ryan Hewitt",2500,"Final",0.000,"CIN"
"TE","Tyler Kroft",2500,"Final",0.750,"CIN"
"TE","C.J. Uzomah",2500,"Final",0,"CIN"
"TE","Stephen Anderson",2500,"Final",3.400,"HOU"
"TE","Cethan Carter",2500,"Final",0.000,"CIN"
"TE","Randall Telfer",2500,"CLE@BAL 01:00PM ET",0.000,"CLE"
"TE","Nick Boyle",2500,"CLE@BAL 01:00PM ET",2.400,"BAL"
"TE","Seth DeValve",2500,"CLE@BAL 01:00PM ET",8.200,"CLE"
"TE","Maxx Williams",2500,"CLE@BAL 01:00PM ET",1.500,"BAL"
"TE","David Njoku",2500,"CLE@BAL 01:00PM ET",4.000,"CLE"
"TE","Ed Dickson",2500,"BUF@CAR 01:00PM ET",0.000,"CAR"
"TE","Logan Thomas",2500,"BUF@CAR 01:00PM ET",0.000,"BUF"
"TE","Chris Manhertz",2500,"BUF@CAR 01:00PM ET",0.000,"CAR"
"TE","Nick O'Leary",2500,"BUF@CAR 01:00PM ET",3.200,"BUF"
"TE","Khari Lee",2500,"BUF@CAR 01:00PM ET",0,"BUF"
"TE","Ifeanyi Momah",2500,"ARI@IND 01:00PM ET",0.000,"ARI"
"TE","Brandon Williams",2500,"ARI@IND 01:00PM ET",0.000,"IND"
"TE","Troy Niklas",2500,"ARI@IND 01:00PM ET",0.000,"ARI"
"TE","Darrell Daniels",2500,"ARI@IND 01:00PM ET",0.000,"IND"
"TE","Marcedes Lewis",2500,"TEN@JAX 01:00PM ET",0.000,"JAX"
"TE","Beau Brinkley",2500,"TEN@JAX 01:00PM ET",0.000,"TEN"
"TE","James O'Shaughnessy",2500,"TEN@JAX 01:00PM ET",2.800,"JAX"
"TE","Ben Koyack",2500,"TEN@JAX 01:00PM ET",0.000,"JAX"
"TE","Phillip Supernaw",2500,"TEN@JAX 01:00PM ET",0.000,"TEN"
"TE","Jonnu Smith",2500,"TEN@JAX 01:00PM ET",0.000,"TEN"
"TE","Brent Celek",2500,"PHI@KC 01:00PM ET",2.100,"PHI"
"TE","James Winchester",2500,"PHI@KC 01:00PM ET",0.000,"KC"
"TE","Trey Burton",2500,"PHI@KC 01:00PM ET",0.000,"PHI"
"TE","Ross Travis",2500,"PHI@KC 01:00PM ET",0.000,"KC"
"DST","Patriots ",2500,"NE@NO 01:00PM ET",1.000,"NE"
"TE","Michael Hoomanawanui",2500,"NE@NO 01:00PM ET",0.000,"NO"
"TE","Dwayne Allen",2500,"NE@NO 01:00PM ET",0.000,"NE"
"TE","Josh Hill",2500,"NE@NO 01:00PM ET",0.000,"NO"
"TE","Jacob Hollister",2500,"NE@NO 01:00PM ET",0,"NE"
"TE","Kevin McDermott",2500,"MIN@PIT 01:00PM ET",0.000,"MIN"
"TE","Blake Bell",2500,"MIN@PIT 01:00PM ET",0.000,"MIN"
"TE","Xavier Grimble",2500,"MIN@PIT 01:00PM ET",0.000,"PIT"
"TE","David Morgan",2500,"MIN@PIT 01:00PM ET",0.000,"MIN"
"TE","Andrew DePaola",2500,"CHI@TB 01:00PM ET",0.000,"CHI"
"TE","Luke Stocker",2500,"CHI@TB 01:00PM ET",0,"TB"
"TE","Dion Sims",2500,"CHI@TB 01:00PM ET",5.100,"CHI"
"TE","Daniel Brown",2500,"CHI@TB 01:00PM ET",0.000,"CHI"
"TE","Alan Cross",2500,"CHI@TB 01:00PM ET",0,"TB"
"TE","Adam Shaheen",2500,"CHI@TB 01:00PM ET",0.000,"CHI"
"TE","Antony Auclair",2500,"CHI@TB 01:00PM ET",0,"TB"
"TE","Anthony Fasano",2500,"MIA@LAC 04:05PM ET",0,"MIA"
"TE","Sean McGrath",2500,"MIA@LAC 04:05PM ET",0,"LAC"
"TE","MarQueis Gray",2500,"MIA@LAC 04:05PM ET",0,"MIA"
"TE","Sean Culkin",2500,"MIA@LAC 04:05PM ET",0.000,"LAC"
"TE","Lee Smith",2500,"NYJ@OAK 04:05PM ET",0.000,"OAK"
"TE","Clive Walford",2500,"NYJ@OAK 04:05PM ET",0.000,"OAK"
"TE","Eric Tomlinson",2500,"NYJ@OAK 04:05PM ET",4.500,"NYJ"
"TE","Neal Sterling",2500,"NYJ@OAK 04:05PM ET",0,"NYJ"
"TE","Jordan Leggett",2500,"NYJ@OAK 04:05PM ET",0,"NYJ"
"TE","James Hanna",2500,"DAL@DEN 04:25PM ET",0.000,"DAL"
"TE","Jeff Heuerman",2500,"DAL@DEN 04:25PM ET",3.000,"DEN"
"TE","Geoff Swaim",2500,"DAL@DEN 04:25PM ET",0.000,"DAL"
"TE","Niles Paul",2500,"WAS@LAR 04:25PM ET",0.000,"WAS"
"TE","Derek Carrier",2500,"WAS@LAR 04:25PM ET",2.200,"LAR"
"TE","Jeremy Sprinkle",2500,"WAS@LAR 04:25PM ET",0,"WAS"
"TE","Gerald Everett",2500,"WAS@LAR 04:25PM ET",4.900,"LAR"
"TE","Logan Paulsen",2500,"SF@SEA 04:25PM ET",0.000,"SF"
"TE","Kyle Nelson",2500,"SF@SEA 04:25PM ET",0.000,"SF"
"TE","Garrett Celek",2500,"SF@SEA 04:25PM ET",0.000,"SF"
"TE","Luke Willson",2500,"SF@SEA 04:25PM ET",0.000,"SEA"
"TE","Tyler Ott",2500,"SF@SEA 04:25PM ET",0.000,"SEA"
"TE","Nick Vannett",2500,"SF@SEA 04:25PM ET",2.000,"SEA"
"TE","George Kittle",2500,"SF@SEA 04:25PM ET",7.700,"SF"
"DST","Falcons ",2500,"GB@ATL 08:30PM ET",5.000,"ATL"
"TE","Lance Kendricks",2500,"GB@ATL 08:30PM ET",3.800,"GB"
"TE","Levine Toilolo",2500,"GB@ATL 08:30PM ET",0.000,"ATL"
"TE","Eric Saubert",2500,"GB@ATL 08:30PM ET",0.000,"ATL"
"TE","Michael Roberts",2500,"DET@NYG 08:30PM ET",0.000,"DET"
"TE","Darren Fells",2500,"DET@NYG 08:30PM ET",0.000,"DET"
"TE","Jerell Adams",2500,"DET@NYG 08:30PM ET",0.000,"NYG"
"TE","Matt LaCosse",2500,"DET@NYG 08:30PM ET",0,"NYG"
"TE","Rhett Ellison",2500,"DET@NYG 08:30PM ET",1.900,"NYG"
"DST","Browns ",2400,"CLE@BAL 01:00PM ET",3.000,"CLE"
"DST","Colts ",2300,"ARI@IND 01:00PM ET",2.000,"IND"
"DST","49ers ",2300,"SF@SEA 04:25PM ET",4.000,"SF"
"DST","Packers ",2300,"GB@ATL 08:30PM ET",9.000,"GB"
"DST","Bears ",2200,"CHI@TB 01:00PM ET",2.000,"CHI"
"DST","Saints ",2100,"NE@NO 01:00PM ET",0.000,"NO"
"DST","Jets ",2000,"NYJ@OAK 04:05PM ET",4.000,"NYJ"
