﻿Rank,EntryId,EntryName,TimeRemaining,Points,Lineup,,Player,%Drafted,FPTS
1,853698178,smk0620,0,174.76,WR Will Fuller V DST Lions  RB Doug Martin WR Randall Cobb WR Chris Hogan TE Austin Seferian-Jenkins RB Melvin Gordon QB Jameis Winston FLEX Leonard Fournette,,Jameis Winston,74.56%,21.46
2,853724557,SoulChild,0,174.22,DST Chiefs  FLEX Latavius Murray QB Brian Hoyer WR Dez Bryant WR Pierre Garcon WR T.Y. Hilton RB Le'Veon Bell TE Austin Seferian-Jenkins RB Melvin Gordon,,Le'Veon Bell,53.51%,19.3
3,853621951,draftwiz,0,172.26,DST Dolphins  WR Dez Bryant WR T.Y. Hilton RB Le'Veon Bell WR Jarvis Landry FLEX Austin Seferian-Jenkins RB Melvin Gordon QB Jameis Winston TE Evan Engram,,Austin Seferian-Jenkins,50.00%,14.9
4,853495214,whitebr3ad,0,166.66,RB Lamar Miller DST Eagles  WR Dez Bryant FLEX T.Y. Hilton TE Cameron Brate WR Jarvis Landry WR Mike Evans RB Melvin Gordon QB Jameis Winston,,Mike Evans,46.49%,9.9
5,853582575,tattoodscott,0,165.54,FLEX DeAndre Hopkins DST Ravens  QB Carson Palmer WR Dez Bryant WR T.Y. Hilton RB James White TE Austin Seferian-Jenkins WR DeVante Parker RB Melvin Gordon,,Dez Bryant,38.60%,16.2
6,853771455,firsdon,0,165.44,QB Deshaun Watson WR Adam Thielen DST Seahawks  TE Delanie Walker WR Danny Amendola WR T.Y. Hilton RB Carlos Hyde FLEX Jarvis Landry RB Melvin Gordon,,Todd Gurley II,36.84%,6
7,853453692,bwells00,0,165.36,DST Dolphins  RB Le'Veon Bell RB James White WR Chris Hogan TE Austin Seferian-Jenkins WR Mike Evans WR Adam Humphries FLEX Melvin Gordon QB Jameis Winston,,Adam Humphries,35.96%,8.1
8,853680953,GolfGalaxy,0,163.56,DST Eagles  FLEX Dez Bryant WR Pierre Garcon WR T.Y. Hilton TE Austin Seferian-Jenkins WR Mike Evans RB Melvin Gordon RB Isaiah Crowell QB Jameis Winston,,Jarvis Landry,28.95%,15.4
9,853624740,jlebrun208,0,162.66,WR Will Fuller V DST Vikings  RB Le'Veon Bell TE Cameron Brate WR Chris Hogan FLEX Melvin Gordon WR Sterling Shepard QB Jameis Winston RB Duke Johnson Jr.,,James White,28.07%,13
10,853593306,fandk,0,158.02,DST Eagles  QB Brian Hoyer WR DeSean Jackson FLEX Andre Ellington WR T.Y. Hilton RB Le'Veon Bell RB Carlos Hyde TE Cameron Brate WR Chris Hogan,,Chris Hogan,28.07%,21.4
11,853545273,cardinalmaniac08,0,157.56,DST Eagles  WR Dez Bryant RB Andre Ellington WR T.Y. Hilton RB Le'Veon Bell WR Jarvis Landry TE Austin Seferian-Jenkins QB Jameis Winston FLEX Duke Johnson Jr.,,Danny Amendola,25.44%,15.7
12,853513465,jefe23,0,150.36,DST Eagles  WR Dez Bryant RB Le'Veon Bell TE Austin Seferian-Jenkins WR Mike Evans WR Adam Humphries FLEX Melvin Gordon QB Jameis Winston RB Wayne Gallman,,Eagles ,22.81%,10
13,853706175,Mjharks22,0,148.26,FLEX Lamar Miller DST Bills  WR Jeremy Maclin TE Cameron Brate WR Jarvis Landry WR Mike Evans RB Melvin Gordon QB Jameis Winston RB Ezekiel Elliott,,T.Y. Hilton,21.05%,27.7
14,853398950,baseballsjk33,0,147.96,DST Bills  FLEX Frank Gore WR DeSean Jackson WR Jaron Brown RB Le'Veon Bell TE Austin Seferian-Jenkins WR Mike Evans RB Melvin Gordon QB Jameis Winston,,Melvin Gordon,21.05%,37.3
15,853432074,LatticeProject,0,145.46,DST Dolphins  WR Dez Bryant FLEX Le'Veon Bell WR Mike Evans WR Adam Humphries RB Melvin Gordon QB Jameis Winston RB Wayne Gallman TE Evan Engram,,Carlos Hyde,20.18%,2.8
15,853664872,jasonwedge,0,145.46,DST Dolphins  WR Dez Bryant RB Le'Veon Bell WR Mike Evans WR Adam Humphries FLEX Melvin Gordon QB Jameis Winston RB Wayne Gallman TE Evan Engram,,Bills ,15.79%,8
15,853697616,marcf,0,145.46,DST Dolphins  WR Dez Bryant FLEX Le'Veon Bell WR Mike Evans WR Adam Humphries RB Melvin Gordon QB Jameis Winston RB Wayne Gallman TE Evan Engram,,Jaron Brown,14.91%,6.9
18,853802006,anydaysavior,0,142.56,DST Bills  WR Danny Amendola WR T.Y. Hilton RB Le'Veon Bell WR Chris Hogan TE Austin Seferian-Jenkins FLEX Adam Humphries QB Jameis Winston RB Todd Gurley II,,Ezekiel Elliott,14.91%,17.2
19,853508804,0_for_5,0,142.16,DST Cardinals  WR Dez Bryant RB Le'Veon Bell RB James White TE Austin Seferian-Jenkins WR Mike Evans WR Adam Humphries FLEX Melvin Gordon QB Jameis Winston,,Evan Engram,14.04%,0
20,853726334,redspecial,0,139.86,DST Bills  WR T.Y. Hilton RB Le'Veon Bell RB James White WR Chris Hogan TE Austin Seferian-Jenkins WR Adam Humphries QB Jameis Winston FLEX Todd Gurley II,,Duke Johnson Jr.,12.28%,17.3
21,853789491,SGrabs33,0,139.06,WR Will Fuller V DST Bills  WR Dez Bryant RB LeGarrette Blount WR T.Y. Hilton TE Austin Seferian-Jenkins QB Jameis Winston RB Todd Gurley II FLEX Ezekiel Elliott,,Andre Ellington,12.28%,15.3
22,853471378,ejay1111,0,138.66,DST Dolphins  WR Danny Amendola WR Dez Bryant RB Le'Veon Bell RB James White TE Austin Seferian-Jenkins QB Jameis Winston WR Ricardo Louis FLEX Todd Gurley II,,Cameron Brate,11.40%,17.8
23,853672889,mikew2069,0,138.56,DST Chiefs  RB Frank Gore WR Jeremy Maclin WR Dez Bryant RB Le'Veon Bell TE Julius Thomas WR Mike Evans FLEX Melvin Gordon QB Jameis Winston,,Dolphins ,9.65%,20
24,853614308,romansmom92,0,138.16,DST Dolphins  WR Danny Amendola TE Dwayne Allen WR T.Y. Hilton RB Le'Veon Bell RB James White WR Mike Evans QB Jameis Winston FLEX Joe Mixon,,Tom Brady,9.65%,17.62
25,853560537,Nklivin24,0,137.56,WR Albert Wilson DST Chiefs  WR T.Y. Hilton FLEX Le'Veon Bell RB James White WR Chris Hogan TE Austin Seferian-Jenkins QB Jameis Winston RB Todd Gurley II,,Lamar Miller,8.77%,10.9
26,853637551,Hardcore_Dorn,0,136.76,DST Bills  WR Dez Bryant RB Andre Ellington WR T.Y. Hilton TE Austin Seferian-Jenkins WR Mike Evans QB Jameis Winston FLEX Duke Johnson Jr. RB Todd Gurley II,,DeSean Jackson,7.89%,18.6
27,853724841,Cooper.1651,0,136.06,RB Lamar Miller WR DeAndre Hopkins RB Kareem Hunt WR Kendall Wright DST Dolphins  TE Delanie Walker FLEX Austin Seferian-Jenkins WR Mike Evans QB Jameis Winston,,Cardinals ,7.89%,2
28,853740126,outfortheseason,0,135.96,DST Jets  WR Dez Bryant FLEX Andre Ellington WR Jaron Brown TE Austin Seferian-Jenkins WR Mike Evans RB Melvin Gordon QB Jameis Winston RB Todd Gurley II,,DeVante Parker,7.89%,1.6
29,853673330,rcbrady61,0,135.92,DST Jets  QB Tom Brady RB Bilal Powell WR T.Y. Hilton TE Cameron Brate RB James White WR Chris Hogan WR Mike Evans FLEX Wayne Gallman,,Ravens ,7.89%,12
30,853771041,fuhlzg0ld,0,135.86,DST Ravens  TE Delanie Walker WR T.Y. Hilton WR Rishard Matthews WR Jarvis Landry RB Ameer Abdullah RB Melvin Gordon QB Jameis Winston FLEX Todd Gurley II,,Dwayne Allen,7.02%,0
31,853487761,highlandsjc,0,135.06,DST Eagles  WR Danny Amendola FLEX Jarvis Landry WR Mike Evans WR Adam Humphries RB Melvin Gordon QB Jameis Winston RB Ezekiel Elliott TE Evan Engram,,Adam Thielen,7.02%,9.5
32,853709915,lordjim54,0,135.02,DST Jets  FLEX Larry Fitzgerald QB Philip Rivers WR Jaron Brown RB Carlos Hyde WR Chris Hogan WR Jarvis Landry TE Hunter Henry RB Leonard Fournette,,Jets ,7.02%,8
33,853530605,puttst,0,133.86,FLEX Lamar Miller DST Chiefs  WR Jeremy Maclin WR T.Y. Hilton WR Jarvis Landry TE Austin Seferian-Jenkins QB Jameis Winston RB Todd Gurley II RB Ezekiel Elliott,,Frank Gore,6.14%,11.6
34,853389671,brknets23,0,132.86,DST Eagles  WR Jaron Brown TE Dwayne Allen WR T.Y. Hilton RB Le'Veon Bell WR Jarvis Landry FLEX Austin Seferian-Jenkins QB Jameis Winston RB Ezekiel Elliott,,Ameer Abdullah,6.14%,4.4
34,853484360,dcantrell365,0,132.86,DST Eagles  WR Danny Amendola FLEX Dez Bryant RB Le'Veon Bell TE Austin Seferian-Jenkins WR Mike Evans WR Adam Humphries QB Jameis Winston RB Duke Johnson Jr.,,Wayne Gallman,6.14%,13.2
34,853547251,mackman1995,0,132.86,DST Chargers  WR Danny Amendola WR DeSean Jackson FLEX Golden Tate RB Andre Ellington TE Austin Seferian-Jenkins WR Mike Evans QB Jameis Winston RB Ezekiel Elliott,,LeGarrette Blount,6.14%,7.4
37,853507914,webb5008,0,132.46,DST Cardinals  RB Le'Veon Bell RB James White WR Chris Hogan WR Mike Evans WR Adam Humphries FLEX Melvin Gordon QB Jameis Winston TE Evan Engram,,Delanie Walker,6.14%,5.5
37,853781676,irsports87,0,132.46,DST Cardinals  RB Le'Veon Bell RB James White WR Chris Hogan WR Mike Evans WR Adam Humphries FLEX Melvin Gordon QB Jameis Winston TE Evan Engram,,Charles Clay,6.14%,5.1
39,853452779,antonino_derosa,0,132.36,FLEX Lamar Miller DST Dolphins  WR Dez Bryant WR Marvin Jones Jr. RB Le'Veon Bell RB Carlos Hyde WR Jarvis Landry TE Austin Seferian-Jenkins QB Jameis Winston,,Vikings ,5.26%,6
40,853577518,xprocowboy,0,130.46,DST Jets  WR Pierre Garcon FLEX Andre Ellington WR Jaron Brown RB Le'Veon Bell TE Austin Seferian-Jenkins WR Mike Evans QB Jameis Winston RB Duke Johnson Jr.,,Lions ,5.26%,3
41,853584737,TheBigTicket,0,130.06,DST Eagles  WR Danny Amendola RB Andre Ellington WR Chris Hogan FLEX Jarvis Landry TE Austin Seferian-Jenkins WR Mike Evans QB Jameis Winston RB Todd Gurley II,,Chiefs ,5.26%,10
42,853546060,misterfunn,0,129.86,DST Dolphins  FLEX Frank Gore WR Brandon Marshall WR Dez Bryant RB Le'Veon Bell RB James White TE Austin Seferian-Jenkins WR Mike Evans QB Jameis Winston,,Jordy Nelson,4.39%,10.4
43,853478047,brussino,0,129.16,WR Adam Thielen DST Eagles  WR Danny Amendola FLEX Le'Veon Bell RB James White TE Austin Seferian-Jenkins WR Adam Humphries QB Jameis Winston RB Ezekiel Elliott,,Pierre Garcon,4.39%,17.4
43,853530345,smallball,0,129.16,WR Adam Thielen DST Eagles  WR Danny Amendola RB Le'Veon Bell RB James White TE Austin Seferian-Jenkins WR Adam Humphries QB Jameis Winston FLEX Ezekiel Elliott,,Randall Cobb,4.39%,6.9
43,853635069,PorchKydd,0,129.16,WR Adam Thielen DST Eagles  WR Danny Amendola FLEX Le'Veon Bell RB James White TE Austin Seferian-Jenkins WR Adam Humphries QB Jameis Winston RB Ezekiel Elliott,,DeAndre Hopkins,4.39%,27.2
43,853649349,drew_barmore32,0,129.16,WR Adam Thielen DST Eagles  WR Danny Amendola RB Le'Veon Bell FLEX James White TE Austin Seferian-Jenkins WR Adam Humphries QB Jameis Winston RB Ezekiel Elliott,,Jeremy Maclin,4.39%,10.3
47,853767908,cutman1013,0,129.04,DST Ravens  WR Danny Amendola WR Dez Bryant RB Andre Ellington RB Carlos Hyde WR Jarvis Landry QB Dak Prescott TE Austin Seferian-Jenkins FLEX Todd Gurley II,,Zach Miller,3.51%,12.9
48,853423054,jmryan1234,0,128.96,DST Ravens  WR Danny Amendola RB Le'Veon Bell RB James White FLEX Ameer Abdullah TE Austin Seferian-Jenkins WR Mike Evans QB Jameis Winston WR Devin Funchess,,Aaron Rodgers,3.51%,24.04
49,853529471,pdpablo,0,127.96,DST Bengals  WR Danny Amendola WR Dez Bryant RB Le'Veon Bell TE Austin Seferian-Jenkins WR Adam Humphries QB Jameis Winston FLEX Duke Johnson Jr. RB Todd Gurley II,,Will Fuller V,3.51%,20.2
50,853664021,THEROBBOB20,0,127.56,DST Bills  FLEX Le'Veon Bell RB James White WR Chris Hogan WR Jarvis Landry TE Austin Seferian-Jenkins WR Adam Humphries QB Jameis Winston RB Todd Gurley II,,Hunter Henry,3.51%,13.2
51,853622258,JustnPayne,0,126.82,DST Jets  QB Tom Brady WR Danny Amendola WR DeSean Jackson TE Charles Clay RB Le'Veon Bell RB James White FLEX Chris Hogan WR Adam Humphries,,Leonard Fournette,3.51%,34.4
52,853734195,comegetsomeohyea,0,126.42,WR Adam Thielen DST Browns  QB Tom Brady TE Charles Clay FLEX Cameron Brate RB James White WR Chris Hogan WR DeVante Parker RB Leonard Fournette,,Bengals ,2.63%,9
53,853595064,TurkLahammer,0,125.82,DST Bills  QB Tom Brady RB LeSean McCoy TE Austin Seferian-Jenkins FLEX Mike Evans WR Adam Humphries RB Melvin Gordon WR Brandin Cooks WR Trent Taylor,,Rishard Matthews,2.63%,6.1
54,853417340,ragepaladin,0,125.76,DST Eagles  WR Danny Amendola WR Dez Bryant RB Le'Veon Bell TE Cameron Brate WR Adam Humphries QB Jameis Winston RB Ezekiel Elliott FLEX Evan Engram,,Keenan Allen,2.63%,10.7
55,853553618,warrenzevon,0,125.36,DST Ravens  QB Josh McCown FLEX Jordy Nelson WR Dez Bryant RB LeSean McCoy WR T.Y. Hilton TE Austin Seferian-Jenkins WR Sammy Watkins RB Christian McCaffrey,,Jared Cook,2.63%,4.5
56,853676862,ccshrts,0,125.06,DST Jets  WR Dez Bryant WR Jaron Brown RB Le'Veon Bell RB James White TE Austin Seferian-Jenkins WR Adam Humphries QB Jameis Winston FLEX Ezekiel Elliott,,Christian McCaffrey,2.63%,14.8
57,853660243,a_17,0,123.66,DST Eagles  WR Dez Bryant FLEX Andre Ellington RB Le'Veon Bell RB James White TE Austin Seferian-Jenkins WR Mike Evans WR Robby Anderson QB Jameis Winston,,Sterling Shepard,2.63%,1.9
58,853707138,wyo56,0,123.16,QB Alex Smith WR Tyreek Hill TE Travis Kelce DST Bills  WR Danny Amendola RB DeMarco Murray RB Doug Martin FLEX Mike Evans WR Sammy Watkins,,Larry Fitzgerald,2.63%,11.1
59,853780128,nrhone,0,122.96,DST Bengals  WR Dez Bryant FLEX Jaron Brown WR Randall Cobb TE Cameron Brate WR Chris Hogan QB Jameis Winston RB Duke Johnson Jr. RB Todd Gurley II,,Brandon Marshall,1.75%,3.5
60,853769843,cmenza,0,122.66,DST Dolphins  WR Dez Bryant RB Andre Ellington TE Dwayne Allen RB Le'Veon Bell WR Mike Evans WR Tyrell Williams QB Jameis Winston FLEX Duke Johnson Jr.,,Robby Anderson,1.75%,3.6
61,853750736,bacontacos,0,122.56,DST Ravens  WR Danny Amendola RB James White FLEX Odell Beckham Jr. TE Austin Seferian-Jenkins WR Mike Evans WR Adam Humphries QB Jameis Winston RB Todd Gurley II,,Eddie Lacy,1.75%,3.8
62,853681661,Naten,0,122.46,DST Eagles  RB Le'Veon Bell RB James White WR Chris Hogan WR Jarvis Landry TE Tyler Kroft WR Adam Humphries QB Jameis Winston FLEX Todd Gurley II,,Bilal Powell,1.75%,7.3
63,853713698,Satchl,0,122.16,DST Vikings  RB Carlos Hyde RB James White WR Chris Hogan WR Jarvis Landry TE Austin Seferian-Jenkins WR Mike Evans QB Jameis Winston FLEX Duke Johnson Jr.,,Antonio Brown,1.75%,28.7
64,853595640,alleycat91,0,121.86,DST Bills  WR Larry Fitzgerald WR DeSean Jackson RB Le'Veon Bell WR Jarvis Landry QB Jameis Winston RB Wayne Gallman TE Evan Engram FLEX Christian McCaffrey,,Marvin Jones Jr.,1.75%,11.4
65,853685352,rexmantooth,0,120.36,DST Cardinals  WR Dez Bryant FLEX Andre Ellington RB Carlos Hyde WR Jarvis Landry WR Mike Evans RB Melvin Gordon QB Jameis Winston TE Evan Engram,,Jesse James,1.75%,5.4
66,853742340,bygmac2002,0,120.16,DST Chiefs  FLEX Jason Witten TE Delanie Walker WR Jeremy Maclin WR Dez Bryant WR Cole Beasley RB Le'Veon Bell QB Jameis Winston RB Todd Gurley II,,Ricardo Louis,1.75%,12.1
67,853490543,SailorBigB,0,120.12,DST Eagles  QB Tom Brady WR T.Y. Hilton RB Le'Veon Bell FLEX Ameer Abdullah TE Austin Seferian-Jenkins WR Adam Humphries WR Ricardo Louis RB Todd Gurley II,,Stefon Diggs,1.75%,1.4
68,853443213,mastert44,0,119.56,WR DeAndre Hopkins DST Bills  TE Antonio Gates FLEX Eddie Lacy RB Le'Veon Bell WR Chris Hogan WR Adam Humphries QB Jameis Winston RB Todd Gurley II,,Dak Prescott,1.75%,30.74
69,853664325,crabjuice,0,119.16,WR Markus Wheaton FLEX Adam Thielen DST Eagles  QB Josh McCown TE Charles Clay WR Antonio Brown RB Andre Ellington RB Le'Veon Bell WR Jarvis Landry,,Chargers ,1.75%,10
70,853692809,ajmorstad,0,119.06,DST Cardinals  WR Danny Amendola FLEX Dez Bryant RB Le'Veon Bell WR Jarvis Landry TE Austin Seferian-Jenkins WR Adam Humphries QB Jameis Winston RB Todd Gurley II,,Carson Palmer,1.75%,15.64
71,853697375,cam.colquitt,0,118.16,DST Ravens  WR DeSean Jackson RB Andre Ellington WR Jaron Brown WR Randall Cobb RB Le'Veon Bell FLEX Carlos Hyde TE Austin Seferian-Jenkins QB Jameis Winston,,Golden Tate,1.75%,9.8
71,853438352,Nookx,0,118.16,DST Eagles  WR Danny Amendola FLEX Dez Bryant TE Dwayne Allen RB Le'Veon Bell WR Chris Hogan WR Adam Humphries QB Jameis Winston RB Todd Gurley II,,Jay Ajayi,1.75%,8.9
71,853731545,Michaelscarn,0,118.16,DST Eagles  WR Danny Amendola FLEX Dez Bryant TE Dwayne Allen RB Le'Veon Bell WR Chris Hogan WR Adam Humphries QB Jameis Winston RB Todd Gurley II,,Latavius Murray,1.75%,6.3
74,853440056,Theresnocryinginbbal,0,117.96,DST Bills  WR Danny Amendola RB Carlos Hyde TE Cameron Brate WR Chris Hogan FLEX Austin Seferian-Jenkins WR Mike Evans QB Jameis Winston RB Todd Gurley II,,Josh McCown,1.75%,14.46
75,853664789,mrbeichner,0,117.92,DST Lions  QB Tom Brady WR Jordy Nelson WR Marvin Jones Jr. RB Carlos Hyde RB James White WR Chris Hogan TE Austin Seferian-Jenkins FLEX Aaron Jones,,LeSean McCoy,1.75%,14.9
76,853636545,arob_allday,0,117.46,DST Titans  RB Frank Gore WR Dez Bryant RB James White WR Jarvis Landry TE Austin Seferian-Jenkins WR Mike Evans QB Jameis Winston FLEX Todd Gurley II,,Sammy Watkins,1.75%,0
77,853627396,peteshyda,0,117.32,DST Vikings  QB Tom Brady WR DeSean Jackson RB Mike Gillislee RB James White FLEX J.J. Nelson WR Chris Hogan WR Mike Evans TE Hunter Henry,,Brian Hoyer,1.75%,25.12
78,853468333,Freebase,0,116.46,DST Raiders  WR T.Y. Hilton RB Le'Veon Bell WR Jarvis Landry WR Mike Evans TE Jesse James QB Jameis Winston RB Duke Johnson Jr. FLEX Evan Engram,,Trent Taylor,1.75%,1.6
79,853631187,wackanation,0,116.26,DST Lions  WR Dez Bryant WR Jaron Brown WR T.Y. Hilton FLEX Carlos Hyde TE Austin Seferian-Jenkins QB Jameis Winston RB Duke Johnson Jr. RB Todd Gurley II,,Cowboys ,1.75%,5
80,853532180,asapchargers,0,114.96,DST Eagles  WR Danny Amendola FLEX Jared Cook WR Dez Bryant WR Jaron Brown RB Le'Veon Bell TE Austin Seferian-Jenkins QB Jameis Winston RB Todd Gurley II,,Kareem Hunt,1.75%,17.6
81,853496201,molenews,0,114.44,DST Lions  WR Dez Bryant WR Chris Hogan WR Jarvis Landry FLEX Ameer Abdullah QB Dak Prescott RB Duke Johnson Jr. RB Todd Gurley II TE Evan Engram,,Browns ,1.75%,6
82,853710621,njchestnut,0,114.26,DST Eagles  FLEX Dez Bryant RB Le'Veon Bell RB Carlos Hyde WR Rishard Matthews WR Jarvis Landry TE Austin Seferian-Jenkins WR Adam Humphries QB Jameis Winston,,Aldrick Robinson,1.75%,1.5
83,853448469,jrsteen35,0,114.16,WR Will Fuller V DST Ravens  RB Bilal Powell WR Antonio Brown RB James White WR Mike Evans FLEX DeVante Parker QB Jameis Winston TE O.J. Howard,,Doug Martin,1.75%,15.2
84,853689220,twindad32,0,113.16,DST Eagles  WR Danny Amendola RB Carlos Hyde TE Cameron Brate WR Chris Hogan WR Mike Evans FLEX Adam Humphries QB Jameis Winston RB Todd Gurley II,,DeMarco Murray,1.75%,9.9
85,853468782,PhilaJelphia,0,112.76,DST Lions  WR Dez Bryant RB Andre Ellington WR T.Y. Hilton WR Mike Evans QB Jameis Winston RB Todd Gurley II TE Hunter Henry FLEX Evan Engram,,Paul Richardson,0.88%,6.5
86,853690904,dtsports,0,112.56,DST Eagles  WR T.Y. Hilton WR Kenny Stills RB Le'Veon Bell RB Carlos Hyde TE Austin Seferian-Jenkins WR Adam Humphries QB Jameis Winston FLEX Todd Gurley II,,Devin Funchess,0.88%,18.3
87,853537532,kochy11,0,112.46,DST Jets  FLEX LeGarrette Blount RB Carlos Hyde TE Cameron Brate RB James White WR Keenan Allen WR Chris Hogan WR Mike Evans QB Jameis Winston,,Antonio Gates,0.88%,4.3
88,853659514,scaquatics,0,111.16,TE Zach Miller DST Cardinals  WR Aldrick Robinson WR Jaron Brown RB Le'Veon Bell FLEX Carlos Hyde WR Mike Evans QB Jameis Winston RB Leonard Fournette,,O.J. Howard,0.88%,0
89,853414085,TheMish,0,110.86,DST Cardinals  WR Brandon Marshall WR Pierre Garcon RB James White WR Jarvis Landry TE Austin Seferian-Jenkins QB Jameis Winston RB Todd Gurley II FLEX Ezekiel Elliott,,Raiders ,0.88%,0
89,853766298,freddygale,0,110.86,DST Jets  TE Jared Cook RB DeMarco Murray RB Le'Veon Bell FLEX Carlos Hyde WR Chris Hogan WR Jarvis Landry WR Adam Humphries QB Jameis Winston,,Tyrod Taylor,0.88%,9.94
91,853614663,sdonegon,0,110.34,DST Steelers  QB Aaron Rodgers TE Delanie Walker WR Larry Fitzgerald FLEX Dez Bryant WR Mike Evans WR Adam Humphries RB Duke Johnson Jr. RB Wayne Gallman,,Tarik Cohen,0.88%,2.2
92,853618559,Jcraig24,0,109.66,TE Zach Miller DST Cardinals  WR Danny Amendola RB Le'Veon Bell RB Carlos Hyde WR Chris Hogan WR Adam Humphries QB Jameis Winston FLEX Todd Gurley II,,49ers ,0.88%,6
93,853464951,MSVS,0,108.56,FLEX Lamar Miller DST Bills  WR Dez Bryant RB LeGarrette Blount TE Dwayne Allen RB Le'Veon Bell WR Jarvis Landry WR Mike Evans QB Jameis Winston,,Cooper Kupp,0.88%,7.4
93,853709317,DonHo1978,0,108.56,FLEX Lamar Miller DST Bills  WR Dez Bryant RB LeGarrette Blount TE Dwayne Allen RB Le'Veon Bell WR Jarvis Landry WR Mike Evans QB Jameis Winston,,Albert Wilson,0.88%,3.8
95,853726486,Joedirt788,0,107.82,DST Vikings  QB Tom Brady WR Danny Amendola WR Jaron Brown TE Cameron Brate RB James White FLEX Austin Seferian-Jenkins WR Mike Evans RB Todd Gurley II,,Eli Manning,0.88%,15
96,853587461,ehawse,0,106.62,RB Lamar Miller DST Eagles  QB Tom Brady FLEX Frank Gore WR Jeremy Maclin WR Jarvis Landry TE Austin Seferian-Jenkins WR Mike Evans RB Todd Gurley II,,Brandin Cooks,0.88%,13.5
97,853594791,casekingz,0,106.6,WR DeAndre Hopkins DST Ravens  QB Eli Manning TE Charles Clay WR Jaron Brown RB Eddie Lacy RB Le'Veon Bell FLEX Jarvis Landry WR Sterling Shepard,,Terrance Williams,0.88%,3.4
98,853537562,MileHighDrunks,0,106.06,DST Lions  FLEX Jordy Nelson WR DeSean Jackson TE Charles Clay WR Adam Humphries QB Jameis Winston WR Cooper Kupp RB Ezekiel Elliott RB Christian McCaffrey,,Joe Mixon,0.88%,11.1
99,853607822,Garb31,0,105.26,RB Kareem Hunt DST Bills  WR Danny Amendola TE Charles Clay FLEX Chris Hogan WR Adam Humphries WR Sterling Shepard QB Jameis Winston RB Todd Gurley II,,Steelers ,0.88%,5
100,853667352,TacklingDummys,0,104.54,DST Bills  QB Aaron Rodgers WR Jordy Nelson FLEX Danny Amendola RB LeGarrette Blount WR Randall Cobb WR DeVante Parker RB Duke Johnson Jr. TE Hunter Henry,,Mike Tolbert,0.88%,6.4
101,853644059,ncjonyoung,0,104.36,DST Bills  WR Dez Bryant TE Dwayne Allen RB Le'Veon Bell RB James White FLEX Austin Seferian-Jenkins WR Mike Evans WR DeVante Parker QB Jameis Winston,,Alshon Jeffery,0.88%,6.1
102,853681838,legacycaptain11,0,101.46,DST Cowboys  WR DeSean Jackson WR Dez Bryant TE Charles Clay FLEX Aldrick Robinson RB Le'Veon Bell RB Ameer Abdullah WR Mike Evans QB Jameis Winston,,Carson Wentz,0.88%,31.26
103,853602625,DaenerysStormborn,0,100.76,TE Zach Miller DST Cowboys  RB LeGarrette Blount WR Terrance Williams RB Le'Veon Bell WR Jarvis Landry WR Mike Evans QB Jameis Winston FLEX Todd Gurley II,,Mike Gillislee,0.88%,5.2
104,853789770,iamtheone69,0,99.26,DST Cardinals  FLEX Benjamin Watson RB Le'Veon Bell WR Jarvis Landry TE Austin Seferian-Jenkins WR Mike Evans WR Adam Humphries QB Jameis Winston RB Todd Gurley II,,J.J. Nelson,0.88%,12.4
105,853420705,lorenl,0,99.04001,RB Lamar Miller DST Bills  QB Aaron Rodgers WR Rishard Matthews FLEX Ameer Abdullah TE Austin Seferian-Jenkins WR Mike Evans WR Robby Anderson RB Ezekiel Elliott,,Titans ,0.88%,9
106,853730804,chobson1962,0,95.32,WR Adam Thielen DST Buccaneers  QB Tom Brady RB Frank Gore FLEX Jimmy Graham RB Carlos Hyde TE Cameron Brate WR Keenan Allen WR DeVante Parker,,Markus Wheaton,0.88%,1.4
107,853564911,charder30,0,93.36,DST Eagles  WR Jaron Brown RB Carlos Hyde WR Chris Hogan TE Austin Seferian-Jenkins WR Mike Evans QB Jameis Winston RB Todd Gurley II FLEX Evan Engram,,Aaron Jones,0.88%,23.4
108,853780830,icealford,0,89.25999,DST Vikings  WR Jaron Brown FLEX Carlos Hyde WR Jarvis Landry WR Adam Humphries TE Jesse James QB Jameis Winston RB Todd Gurley II RB Ezekiel Elliott,,Julius Thomas,0.88%,2.5
109,853532647,KeepUpWithTheJones,0,88.22,RB Latavius Murray DST 49ers  QB Tom Brady TE Jared Cook WR Pierre Garcon RB LeGarrette Blount WR Chris Hogan WR DeVante Parker FLEX Todd Gurley II,,Isaiah Crowell,0.88%,8.7
110,853499439,jaynuggs,0,87.74001,WR DeAndre Hopkins RB Tarik Cohen DST Chargers  QB Carson Palmer TE Delanie Walker WR Golden Tate WR Jaron Brown RB Jay Ajayi FLEX DeVante Parker,,Tyler Kroft,0.88%,7.8
111,853624662,Kylecunn,0,84.35999,WR Stefon Diggs DST Browns  TE Delanie Walker RB Mike Tolbert WR Alshon Jeffery RB Jay Ajayi QB Carson Wentz FLEX Ezekiel Elliott WR Trent Taylor,,Kenny Stills,0.88%,2.3
112,853406038,thedlmatt,0,83.64001,TE Zach Miller DST Vikings  QB Aaron Rodgers WR Jordy Nelson FLEX Jaron Brown RB Carlos Hyde WR Paul Richardson WR Adam Humphries RB Todd Gurley II,,Alex Smith,0.88%,29.86
113,853479915,banersumit,0,74.14,DST Chiefs  WR Stefon Diggs RB Frank Gore WR Dez Bryant QB Tyrod Taylor WR Keenan Allen RB Ameer Abdullah FLEX Mike Evans TE Evan Engram,,Tyreek Hill,0.88%,16.8
114,853415607,ejupsem,0,66.75999,RB Lamar Miller DST Bengals  WR Randall Cobb FLEX Carlos Hyde WR Adam Humphries WR DeVante Parker QB Jameis Winston RB Todd Gurley II TE Evan Engram,,Travis Kelce,0.88%,17.8
,,,,,,,Philip Rivers,0.88%,21.82
,,,,,,,Kendall Wright,0.88%,8.6
,,,,,,,Buccaneers ,0.88%,8
,,,,,,,Jimmy Graham,0.88%,15.7
,,,,,,,Jason Witten,0.88%,13.1
,,,,,,,Cole Beasley,0.88%,18.3
,,,,,,,Odell Beckham Jr.,0.88%,21.5
,,,,,,,Tyrell Williams,0.88%,3.2
,,,,,,,Deshaun Watson,0.88%,35.54
,,,,,,,Seahawks ,0.88%,16
,,,,,,,Benjamin Watson,0.88%,2.2
