﻿Rank,EntryId,EntryName,TimeRemaining,Points,Lineup,,Player,%Drafted,FPTS
1,852453352,Daut44,0,165.36,DST Dolphins  RB Le'Veon Bell RB James White WR Chris Hogan TE Austin Seferian-Jenkins WR Mike Evans WR Adam Humphries FLEX Melvin Gordon QB Jameis Winston,,Jameis Winston,73.79%,21.46
2,851959400,ianj300,0,163.56,DST Eagles  FLEX Dez Bryant WR Pierre Garcon WR T.Y. Hilton TE Austin Seferian-Jenkins WR Mike Evans RB Melvin Gordon RB Isaiah Crowell QB Jameis Winston,,Le'Veon Bell,56.31%,19.3
2,852464629,GolfGalaxy (1/2),0,163.56,DST Eagles  FLEX Dez Bryant WR Pierre Garcon WR T.Y. Hilton TE Austin Seferian-Jenkins WR Mike Evans RB Melvin Gordon RB Isaiah Crowell QB Jameis Winston,,Dez Bryant,38.83%,16.2
2,852470964,GolfGalaxy (2/2),0,163.56,DST Eagles  FLEX Dez Bryant WR Pierre Garcon WR T.Y. Hilton TE Austin Seferian-Jenkins WR Mike Evans RB Melvin Gordon RB Isaiah Crowell QB Jameis Winston,,Adam Humphries,35.92%,8.1
5,853747982,mfb00100,0,163.12,DST Ravens  QB Brian Hoyer WR Pierre Garcon FLEX Jaron Brown WR T.Y. Hilton RB Le'Veon Bell TE Cameron Brate WR Brandin Cooks RB Aaron Jones,,Todd Gurley II,33.98%,6
6,851858066,CONDIA (1/3),0,155.02,DST Eagles  QB Tom Brady WR Danny Amendola WR Dez Bryant FLEX Le'Veon Bell TE Cameron Brate RB James White WR Adam Humphries RB Melvin Gordon,,Jarvis Landry,29.13%,15.4
6,851858068,CONDIA (3/3),0,155.02,DST Eagles  QB Tom Brady WR Danny Amendola WR Dez Bryant FLEX Le'Veon Bell TE Cameron Brate RB James White WR Adam Humphries RB Melvin Gordon,,Chris Hogan,28.16%,21.4
8,853329163,Sawood,0,153.36,DST Bills  WR Dez Bryant WR Randall Cobb WR T.Y. Hilton FLEX Cameron Brate TE Austin Seferian-Jenkins QB Jameis Winston RB Todd Gurley II RB Leonard Fournette,,Mike Evans,28.16%,9.9
9,852746952,ykya111 (1/2),0,152.96,DST Eagles  WR Dez Bryant WR Jarvis Landry WR Adam Humphries FLEX Melvin Gordon QB Jameis Winston RB Todd Gurley II RB Ezekiel Elliott TE George Kittle,,Eagles ,26.21%,10
9,852746953,ykya111 (2/2),0,152.96,DST Eagles  WR Dez Bryant WR Jarvis Landry WR Adam Humphries FLEX Melvin Gordon QB Jameis Winston RB Todd Gurley II RB Ezekiel Elliott TE George Kittle,,Ezekiel Elliott,26.21%,17.2
11,851811322,craftylefty,0,152.16,DST Bills  WR Danny Amendola RB Le'Veon Bell WR Chris Hogan TE Austin Seferian-Jenkins WR Adam Humphries FLEX Melvin Gordon QB Jameis Winston RB Todd Gurley II,,Cameron Brate,25.24%,17.8
12,853538265,youdacao (1/3),0,146.66,DST Eagles  WR Jeremy Maclin WR Dez Bryant WR T.Y. Hilton RB Le'Veon Bell FLEX Ameer Abdullah RB Melvin Gordon QB Jameis Winston TE Evan Engram,,James White,24.27%,13
12,853538266,youdacao (2/3),0,146.66,DST Eagles  WR Jeremy Maclin WR Dez Bryant WR T.Y. Hilton RB Le'Veon Bell FLEX Ameer Abdullah RB Melvin Gordon QB Jameis Winston TE Evan Engram,,T.Y. Hilton,20.39%,27.7
12,853538267,youdacao (3/3),0,146.66,DST Eagles  WR Jeremy Maclin WR Dez Bryant WR T.Y. Hilton RB Le'Veon Bell FLEX Ameer Abdullah RB Melvin Gordon QB Jameis Winston TE Evan Engram,,Austin Seferian-Jenkins,19.42%,14.9
15,854186095,AtticusA01,0,145.56,DST Dolphins  WR DeSean Jackson FLEX Bilal Powell WR Randall Cobb WR Chris Hogan TE Austin Seferian-Jenkins QB Jacoby Brissett RB Duke Johnson Jr. RB Ezekiel Elliott,,Dwayne Allen,18.45%,0
16,851858067,CONDIA (2/3),0,143.96,DST Chiefs  WR Danny Amendola RB Le'Veon Bell TE Cameron Brate RB James White WR Chris Hogan WR Adam Humphries QB Jameis Winston FLEX Ezekiel Elliott,,DeSean Jackson,17.48%,18.6
17,853589349,BDholla89 (1/3),0,141.66,RB Lamar Miller TE Travis Kelce DST Bills  WR Mike Wallace FLEX Torrey Smith WR Chris Hogan WR Mike Evans QB Jameis Winston RB Ezekiel Elliott,,Melvin Gordon,16.50%,37.3
18,851664325,ChipotleAddict (1/3),0,141.46,RB Lamar Miller DST Chiefs  FLEX Jordan Howard TE Zach Miller WR Dez Bryant WR T.Y. Hilton RB Le'Veon Bell WR Jarvis Landry QB Jameis Winston,,Lamar Miller,15.53%,10.9
18,851664326,ChipotleAddict (2/3),0,141.46,RB Lamar Miller DST Chiefs  FLEX Jordan Howard TE Zach Miller WR Dez Bryant WR T.Y. Hilton RB Le'Veon Bell WR Jarvis Landry QB Jameis Winston,,Danny Amendola,15.53%,15.7
18,851664327,ChipotleAddict (3/3),0,141.46,RB Lamar Miller DST Chiefs  FLEX Jordan Howard TE Zach Miller WR Dez Bryant WR T.Y. Hilton RB Le'Veon Bell WR Jarvis Landry QB Jameis Winston,,Bills ,13.59%,8
21,854253044,SAMMYBOYZ,0,140.56,DST Chiefs  WR Larry Fitzgerald RB Bilal Powell FLEX Cameron Brate WR Jarvis Landry WR Mike Evans QB Jameis Winston TE Hunter Henry RB Leonard Fournette,,Cardinals ,12.62%,2
22,853003901,JoeDec89,0,138.96,FLEX Lamar Miller DST Bills  WR Dez Bryant RB Le'Veon Bell TE Tyler Kroft WR Mike Evans WR Adam Humphries RB Melvin Gordon QB Jameis Winston,,Chiefs ,12.62%,10
23,853215340,gkorn,0,138.76,DST Chiefs  WR DeSean Jackson WR Dez Bryant TE Charles Clay FLEX LeGarrette Blount WR T.Y. Hilton RB Le'Veon Bell RB James White QB Jameis Winston,,Tom Brady,11.65%,17.62
24,852460357,zytth,0,137.86,WR Will Fuller V TE Travis Kelce RB Jordan Howard DST Browns  WR DeSean Jackson RB Le'Veon Bell WR Chris Hogan QB Jameis Winston FLEX Alex Collins,,LeGarrette Blount,10.68%,7.4
25,852322577,papagates (1/3),0,134.96,FLEX Jordan Howard TE Zach Miller DST Eagles  WR Dez Bryant WR T.Y. Hilton RB Le'Veon Bell WR Jarvis Landry RB Ameer Abdullah QB Jameis Winston,,Jordan Howard,10.68%,7.6
25,852322578,papagates (2/3),0,134.96,FLEX Jordan Howard TE Zach Miller DST Eagles  WR Dez Bryant WR T.Y. Hilton RB Le'Veon Bell WR Jarvis Landry RB Ameer Abdullah QB Jameis Winston,,Jaron Brown,8.74%,6.9
25,852322579,papagates (3/3),0,134.96,FLEX Jordan Howard TE Zach Miller DST Eagles  WR Dez Bryant WR T.Y. Hilton RB Le'Veon Bell WR Jarvis Landry RB Ameer Abdullah QB Jameis Winston,,Ameer Abdullah,8.74%,4.4
28,854333871,uGottaJuanIt,0,134.06,FLEX Lamar Miller RB Kareem Hunt TE Travis Kelce DST Bills  WR T.Y. Hilton RB Le'Veon Bell WR TJ Jones WR Adam Humphries QB Jameis Winston,,Carlos Hyde,8.74%,2.8
29,853911836,kellbell70317,0,133.96,DST Colts  RB Doug Martin WR Antonio Brown TE Cameron Brate WR Mike Evans WR Adam Humphries FLEX Brandin Cooks QB Jameis Winston RB Duke Johnson Jr.,,Bilal Powell,8.74%,7.3
30,852539684,puttst (1/2),0,133.86,FLEX Lamar Miller DST Chiefs  WR Jeremy Maclin WR T.Y. Hilton WR Jarvis Landry TE Austin Seferian-Jenkins QB Jameis Winston RB Todd Gurley II RB Ezekiel Elliott,,Evan Engram,7.77%,0
30,852585711,puttst (2/2),0,133.86,FLEX Lamar Miller DST Chiefs  WR Jeremy Maclin WR T.Y. Hilton WR Jarvis Landry TE Austin Seferian-Jenkins QB Jameis Winston RB Todd Gurley II RB Ezekiel Elliott,,Zach Miller,7.77%,12.9
32,853864771,reilj5,0,132.66,DST Chiefs  RB Frank Gore WR Rishard Matthews WR Jarvis Landry TE Austin Seferian-Jenkins WR Mike Evans FLEX Melvin Gordon QB Jameis Winston RB Todd Gurley II,,Randall Cobb,7.77%,6.9
33,851633562,MakeItRain84,0,132.46,DST Cardinals  RB Le'Veon Bell RB James White WR Chris Hogan WR Mike Evans WR Adam Humphries FLEX Melvin Gordon QB Jameis Winston TE Evan Engram,,Golden Tate,6.80%,9.8
34,854310197,BomberFD,0,131.96,TE Zach Miller DST Ravens  WR Danny Amendola WR DeSean Jackson WR Dez Bryant RB Le'Veon Bell FLEX Carlos Hyde RB James White QB Jameis Winston,,Dolphins ,6.80%,20
35,852062187,Bcrev229,0,129.86,FLEX Latavius Murray DST Dolphins  TE Martellus Bennett WR Dez Bryant WR T.Y. Hilton RB Jay Ajayi WR Mike Evans QB Jameis Winston RB Joe Mixon,,Brandin Cooks,6.80%,13.5
36,852035924,aejones,0,129.56,DST Chiefs  RB Le'Veon Bell RB James White WR Chris Hogan WR Jarvis Landry TE Austin Seferian-Jenkins WR Adam Humphries QB Jameis Winston FLEX Todd Gurley II,,Ravens ,6.80%,12
37,854328051,cote860,0,129.04,WR Will Fuller V DST Jets  WR Golden Tate RB Bilal Powell WR Jaron Brown RB Le'Veon Bell FLEX Chris Hogan QB Dak Prescott TE Jesse James,,Duke Johnson Jr.,6.80%,17.3
38,852571969,Bass-O-Matics,0,128.42,WR Will Fuller V DST Lions  QB Tom Brady TE Charles Clay RB Bilal Powell FLEX Cameron Brate WR Chris Hogan WR DeVante Parker RB Leonard Fournette,,Jeremy Maclin,6.80%,10.3
38,853724171,pedja1972,0,128.42,DST Bills  QB Tom Brady WR Danny Amendola WR DeSean Jackson RB Carlos Hyde TE Cameron Brate RB James White WR Chris Hogan FLEX Brandin Cooks,,Pierre Garcon,5.83%,17.4
40,852940975,Dinkpiece,0,128.06,DST Eagles  FLEX LeGarrette Blount RB Le'Veon Bell WR Chris Hogan WR Jarvis Landry TE Tyler Kroft WR Adam Humphries QB Jameis Winston RB Ezekiel Elliott,,Lions ,5.83%,3
41,853589351,BDholla89 (3/3),0,127.28,FLEX Lamar Miller DST Eagles  QB Ben Roethlisberger WR Antonio Brown WR Terrance Williams TE Austin Seferian-Jenkins WR Martavis Bryant RB Todd Gurley II RB Leonard Fournette,,Frank Gore,5.83%,11.6
42,854041767,Dbelzer831,0,126.22,WR Tyreek Hill DST Seahawks  QB Tom Brady WR Danny Amendola RB Carlos Hyde TE Cameron Brate FLEX James White WR Jarvis Landry RB Joe Mixon,,Stefon Diggs,5.83%,1.4
43,851876919,Cicima6709 (1/3),0,123.86,DST Eagles  WR DeSean Jackson WR Dez Bryant TE Dwayne Allen RB Le'Veon Bell FLEX James White WR Adam Humphries QB Jameis Winston RB Ezekiel Elliott,,Kareem Hunt,4.85%,17.6
43,851876920,Cicima6709 (2/3),0,123.86,DST Eagles  WR DeSean Jackson WR Dez Bryant TE Dwayne Allen RB Le'Veon Bell FLEX James White WR Adam Humphries QB Jameis Winston RB Ezekiel Elliott,,Isaiah Crowell,4.85%,8.7
43,852336969,LK28,0,123.86,DST Eagles  WR DeSean Jackson WR Dez Bryant TE Dwayne Allen RB Le'Veon Bell FLEX James White WR Adam Humphries QB Jameis Winston RB Ezekiel Elliott,,Will Fuller V,4.85%,20.2
43,853471550,Cicima6709 (3/3),0,123.86,DST Eagles  WR DeSean Jackson WR Dez Bryant TE Dwayne Allen RB Le'Veon Bell FLEX James White WR Adam Humphries QB Jameis Winston RB Ezekiel Elliott,,Travis Kelce,4.85%,17.8
47,853457168,Wboushie,0,123.78,RB Lamar Miller FLEX Will Fuller V DST Dolphins  QB Ben Roethlisberger WR Antonio Brown WR Randall Cobb RB James White WR Brandin Cooks TE Evan Engram,,Robby Anderson,4.85%,3.6
48,854306929,gus61686,0,123.76,TE Travis Kelce DST Bills  WR Doug Baldwin WR Golden Tate RB Bilal Powell RB James White WR Chris Hogan QB Jameis Winston FLEX Duke Johnson Jr.,,Jets ,3.88%,8
49,853735685,ShipIt4,0,122.42,RB Latavius Murray DST Cardinals  QB Tom Brady WR DeSean Jackson RB Andre Ellington TE Cameron Brate WR Chris Hogan FLEX Mike Evans WR Brandin Cooks,,Charles Clay,3.88%,5.1
50,851850322,dictator_teddy (1/3),0,122.16,DST Dolphins  WR Dez Bryant WR Jaron Brown TE Dwayne Allen RB James White WR Chris Hogan QB Jameis Winston RB Todd Gurley II FLEX Ezekiel Elliott,,Leonard Fournette,3.88%,34.4
50,851850323,dictator_teddy (2/3),0,122.16,DST Dolphins  WR Dez Bryant WR Jaron Brown TE Dwayne Allen RB James White WR Chris Hogan QB Jameis Winston RB Todd Gurley II FLEX Ezekiel Elliott,,Cowboys ,2.91%,5
50,851850324,dictator_teddy (3/3),0,122.16,DST Dolphins  WR Dez Bryant WR Jaron Brown TE Dwayne Allen RB James White WR Chris Hogan QB Jameis Winston RB Todd Gurley II FLEX Ezekiel Elliott,,Jay Ajayi,2.91%,8.9
53,853321285,toddbrosh,0,122.06,WR DeAndre Hopkins RB Kareem Hunt DST Cowboys  RB Frank Gore WR Doug Baldwin WR Randall Cobb TE Eric Ebron QB Carson Wentz FLEX Wayne Gallman,,TJ Jones,2.91%,3.2
54,854236330,Gorilla900,0,121.52,FLEX Jordan Howard DST Eagles  QB Tom Brady TE Delanie Walker WR Dez Bryant WR Torrey Smith RB Le'Veon Bell WR Donte Moncrief RB Aaron Jones,,DeVante Parker,2.91%,1.6
55,853993575,bric75,0,120.76,TE Zach Miller DST Eagles  RB Frank Gore WR Jeremy Maclin RB Le'Veon Bell WR Mike Evans WR Adam Humphries QB Jameis Winston FLEX Ezekiel Elliott,,Tyreek Hill,2.91%,16.8
56,851950426,EmpireMaker2,0,118.66,FLEX Lamar Miller DST Bills  WR DeSean Jackson TE Austin Seferian-Jenkins WR Adam Humphries WR Brandin Cooks QB Jameis Winston RB Todd Gurley II RB Ezekiel Elliott,,Jesse James,2.91%,5.4
57,853894604,ginm8,0,118.34,WR Stefon Diggs DST Bills  QB Aaron Rodgers WR Danny Amendola FLEX LeGarrette Blount RB Le'Veon Bell TE Cameron Brate RB Duke Johnson Jr. WR Cooper Kupp,,Delanie Walker,2.91%,5.5
58,853597935,JC129,0,118.06,RB Kareem Hunt DST Cardinals  WR Danny Amendola WR DeSean Jackson RB Andre Ellington WR Chris Hogan QB Jameis Winston FLEX Todd Gurley II TE Evan Engram,,Alshon Jeffery,2.91%,6.1
59,852865269,eyeman801,0,117.96,DST Bills  WR Danny Amendola RB Carlos Hyde TE Cameron Brate WR Chris Hogan FLEX Austin Seferian-Jenkins WR Mike Evans QB Jameis Winston RB Todd Gurley II,,DeAndre Hopkins,2.91%,27.2
60,853239756,gleas4,0,117.92,DST Chiefs  QB Tom Brady FLEX Frank Gore WR Jeremy Maclin TE Zach Ertz RB Le'Veon Bell WR Jarvis Landry WR Marqise Lee RB Isaiah Crowell,,Carson Wentz,2.91%,31.26
60,853557281,mikebowls,0,117.92,RB Lamar Miller WR DeAndre Hopkins DST Ravens  QB Tom Brady FLEX Rob Gronkowski TE Austin Seferian-Jenkins WR Mike Evans WR Adam Humphries RB Duke Johnson Jr.,,Jordy Nelson,2.91%,10.4
62,851634843,BirdWings,0,117.26,DST Eagles  WR DeSean Jackson WR Dez Bryant RB LeGarrette Blount WR Terrance Williams FLEX Le'Veon Bell TE Austin Seferian-Jenkins QB Jameis Winston RB Todd Gurley II,,Antonio Brown,2.91%,28.7
63,852177460,awaugh001,0,116.66,DST Ravens  WR Jaron Brown WR Randall Cobb TE Cameron Brate WR Brandin Cooks QB Jameis Winston FLEX Duke Johnson Jr. RB Todd Gurley II RB Christian McCaffrey,,Andre Ellington,2.91%,15.3
64,853255309,cheetoes,0,116.46,DST Lions  FLEX Jaron Brown RB Le'Veon Bell WR Chris Hogan WR Jarvis Landry TE Austin Seferian-Jenkins WR Adam Humphries QB Jameis Winston RB Todd Gurley II,,Terrance Williams,1.94%,3.4
65,854235616,wolfgray,0,116.16,WR Will Fuller V WR Stefon Diggs DST Colts  FLEX Doug Martin RB LeSean McCoy RB Bilal Powell WR Alshon Jeffery TE Cameron Brate QB Carson Wentz,,Kenny Stills,1.94%,2.3
66,852455452,danielpoupart,0,116.06,DST Ravens  WR Danny Amendola FLEX Rob Gronkowski WR Randall Cobb RB Le'Veon Bell TE Cameron Brate WR Adam Humphries QB Jameis Winston RB Christian McCaffrey,,Latavius Murray,1.94%,6.3
67,853988223,AJinOK,0,115.86,RB Kareem Hunt DST Bills  WR Dez Bryant RB Le'Veon Bell WR Jarvis Landry FLEX Ameer Abdullah WR Adam Humphries TE Jesse James QB Jameis Winston,,Joe Mixon,1.94%,11.1
68,854320490,MoneyTrain18 (2/2),0,115.16,WR DeAndre Hopkins DST Cardinals  FLEX Danny Amendola TE Dwayne Allen RB Le'Veon Bell WR Jarvis Landry WR Adam Humphries QB Jameis Winston RB Todd Gurley II,,Christian McCaffrey,1.94%,14.8
69,851938869,BarOfSoap,0,115.06,FLEX Kareem Hunt WR Deonte Thompson DST Cowboys  WR T.Y. Hilton WR Kenny Stills TE Cameron Brate QB Jameis Winston RB Todd Gurley II RB Ezekiel Elliott,,Jermaine Kearse,1.94%,13.8
70,853028000,Leftyjoey,0,113.96,WR Tyreek Hill DST Cowboys  FLEX DeSean Jackson RB Le'Veon Bell WR Chris Hogan TE Jesse James WR Cordarrelle Patterson QB Jameis Winston RB Todd Gurley II,,Rob Gronkowski,1.94%,0
71,852437751,Makisupa,0,113.76,DST Jets  WR Dez Bryant TE Dwayne Allen WR Chris Hogan FLEX Jarvis Landry WR Adam Humphries QB Jameis Winston RB Todd Gurley II RB Ezekiel Elliott,,Browns ,1.94%,6
71,853589350,BDholla89 (2/3),0,113.76,DST Cardinals  QB Josh McCown WR Dez Bryant WR Golden Tate WR Jermaine Kearse RB Le'Veon Bell TE Austin Seferian-Jenkins RB Duke Johnson Jr. FLEX Todd Gurley II,,George Kittle,1.94%,21.3
73,854116525,JJ76,0,113.66,DST Vikings  WR DeSean Jackson FLEX Vance McDonald RB Mike Gillislee RB Le'Veon Bell TE Cameron Brate WR Jarvis Landry WR Mike Evans QB Jameis Winston,,Tyler Kroft,1.94%,7.8
74,851875916,TeeJayOrTj,0,113.36,FLEX Lamar Miller DST Eagles  WR Dez Bryant TE Dwayne Allen RB Le'Veon Bell WR Chris Hogan WR Adam Humphries QB Jameis Winston RB Todd Gurley II,,Thomas Rawls,1.94%,5.5
75,853101963,Hothead2288,0,112.92,DST Ravens  QB Tom Brady RB Frank Gore TE Delanie Walker WR Alshon Jeffery RB Le'Veon Bell WR Jarvis Landry FLEX Javorius Allen WR Marqise Lee,,Marqise Lee,1.94%,6.9
76,851692692,STR8_CASH_HOMIES (1/3),0,112.86,DST Cardinals  WR Golden Tate RB Le'Veon Bell TE Cameron Brate RB James White WR Jarvis Landry WR Adam Humphries QB Jameis Winston FLEX Todd Gurley II,,Trent Taylor,1.94%,1.6
76,852744724,STR8_CASH_HOMIES (2/3),0,112.86,DST Cardinals  WR Golden Tate RB Le'Veon Bell TE Cameron Brate RB James White WR Jarvis Landry WR Adam Humphries QB Jameis Winston FLEX Todd Gurley II,,Doug Baldwin,1.94%,7.7
76,853901493,STR8_CASH_HOMIES (3/3),0,112.86,DST Cardinals  WR Golden Tate RB Le'Veon Bell TE Cameron Brate RB James White WR Jarvis Landry WR Adam Humphries QB Jameis Winston FLEX Todd Gurley II,,Wayne Gallman,1.94%,13.2
79,853808628,Netmynder1,0,112.36,TE Travis Kelce DST Steelers  WR Jordy Nelson WR Larry Fitzgerald RB Marshawn Lynch RB LeGarrette Blount WR Chris Hogan FLEX Thomas Rawls QB Jameis Winston,,Ben Roethlisberger,1.94%,10.58
80,853741644,madoublet98,0,112.16,DST Raiders  WR Dez Bryant TE Dwayne Allen RB Le'Veon Bell FLEX Ameer Abdullah WR Mike Evans RB Melvin Gordon WR Robby Anderson QB Jameis Winston,,Tarik Cohen,1.94%,2.2
80,854353104,soupajaff,0,112.16,DST Raiders  WR Dez Bryant TE Dwayne Allen RB Le'Veon Bell FLEX Ameer Abdullah WR Mike Evans RB Melvin Gordon WR Robby Anderson QB Jameis Winston,,Torrey Smith,1.94%,15.7
82,852974587,moklovin (1/3),0,108.56,FLEX Lamar Miller DST Bills  WR Dez Bryant RB LeGarrette Blount TE Dwayne Allen RB Le'Veon Bell WR Jarvis Landry WR Mike Evans QB Jameis Winston,,O.J. Howard,1.94%,0
82,852974588,moklovin (2/3),0,108.56,FLEX Lamar Miller DST Bills  WR Dez Bryant RB LeGarrette Blount TE Dwayne Allen RB Le'Veon Bell WR Jarvis Landry WR Mike Evans QB Jameis Winston,,Raiders ,1.94%,0
82,852981832,moklovin (3/3),0,108.56,FLEX Lamar Miller DST Bills  WR Dez Bryant RB LeGarrette Blount TE Dwayne Allen RB Le'Veon Bell WR Jarvis Landry WR Mike Evans QB Jameis Winston,,Aaron Jones,1.94%,23.4
85,852577650,underjones (1/3),0,107.06,DST Eagles  TE Cameron Brate RB James White WR Mike Evans WR Adam Humphries WR Robby Anderson QB Jameis Winston RB Todd Gurley II FLEX Ezekiel Elliott,,Larry Fitzgerald,1.94%,11.1
85,852577777,underjones (2/3),0,107.06,DST Eagles  TE Cameron Brate RB James White WR Mike Evans WR Adam Humphries WR Robby Anderson QB Jameis Winston RB Todd Gurley II FLEX Ezekiel Elliott,,Colts ,1.94%,2
85,852577778,underjones (3/3),0,107.06,DST Eagles  TE Cameron Brate RB James White WR Mike Evans WR Adam Humphries WR Robby Anderson QB Jameis Winston RB Todd Gurley II FLEX Ezekiel Elliott,,Doug Martin,1.94%,15.2
88,853286398,Sanaynay,0,105.26,DST Jets  RB Le'Veon Bell TE Cameron Brate WR Chris Hogan FLEX Adam Humphries WR DeVante Parker QB Jameis Winston RB Todd Gurley II WR Trent Taylor,,Deonte Thompson,0.97%,0
89,854337920,NawrockiK,0,104.96,WR Stefon Diggs DST Lions  RB Bilal Powell RB LeGarrette Blount FLEX Andre Ellington TE Cameron Brate WR Chris Hogan WR Mike Evans QB Jameis Winston,,Martellus Bennett,0.97%,8.3
90,852367400,twb2v,0,104.9,DST Cardinals  QB Eli Manning FLEX Pierre Garcon WR Jermaine Kearse WR Jaron Brown WR T.Y. Hilton RB Le'Veon Bell RB Carlos Hyde TE Evan Engram,,Eli Manning,0.97%,15
91,853463518,Derek18,0,103.16,RB Tarik Cohen WR Stefon Diggs DST Lions  WR DeSean Jackson WR Pierre Garcon RB Carlos Hyde FLEX Chris Hogan TE Austin Seferian-Jenkins QB Jameis Winston,,Alex Collins,0.97%,5.5
92,854064531,stro2971,0,102.72,RB Jordan Howard DST Cardinals  WR DeSean Jackson WR Dez Bryant TE Charles Clay QB Russell Wilson RB Le'Veon Bell WR Chris Hogan FLEX O.J. Howard,,Cordarrelle Patterson,0.97%,0
93,852521830,ending (1/2),0,100.66,DST Chiefs  TE Dwayne Allen RB Le'Veon Bell WR TJ Jones WR Jarvis Landry WR Adam Humphries QB Jameis Winston RB Todd Gurley II FLEX Ezekiel Elliott,,Jay Cutler,0.97%,7.48
93,852521831,ending (2/2),0,100.66,DST Chiefs  TE Dwayne Allen RB Le'Veon Bell WR TJ Jones WR Jarvis Landry WR Adam Humphries QB Jameis Winston RB Todd Gurley II FLEX Ezekiel Elliott,,Javorius Allen,0.97%,18.5
95,853353180,Sandcastle7,0,99.52,TE Ryan Griffin DST Eagles  QB Tom Brady WR Jordy Nelson WR Danny Amendola RB Bilal Powell RB Carlos Hyde WR Devin Funchess FLEX Wayne Gallman,,Zach Ertz,0.97%,18.1
96,854283456,TheGeneral913,0,97.45999,DST Jets  FLEX Frank Gore WR Danny Amendola RB Bilal Powell WR Mike Evans WR Tyler Lockett QB Jameis Winston RB Ezekiel Elliott TE Evan Engram,,Eric Ebron,0.97%,1.6
97,851688052,MoneyTrain18 (1/2),0,96.66,DST Cardinals  WR Danny Amendola WR Jaron Brown TE Dwayne Allen RB Le'Veon Bell WR Adam Humphries QB Jameis Winston FLEX Todd Gurley II RB Ezekiel Elliott,,Ryan Griffin,0.97%,4.2
98,853684526,RyanScott927,0,95.62001,RB Jordan Howard DST Cardinals  QB Tom Brady WR Danny Amendola FLEX DeSean Jackson RB Carlos Hyde WR Chris Hogan WR Mike Evans TE O.J. Howard,,Devin Funchess,0.97%,18.3
99,854233671,Fitnessfreak99,0,87.64,QB Deshaun Watson RB Jordan Howard FLEX Tarik Cohen WR Adam Thielen DST Lions  WR Jordy Nelson TE Charles Clay RB LeGarrette Blount WR Randall Cobb,,Mike Wallace,0.97%,19.3
100,853616953,Kylecunn,0,84.35999,WR Stefon Diggs DST Browns  TE Delanie Walker RB Mike Tolbert WR Alshon Jeffery RB Jay Ajayi QB Carson Wentz FLEX Ezekiel Elliott WR Trent Taylor,,Josh McCown,0.97%,14.46
101,852552882,Biesterfield,0,83.96,DST Cardinals  WR Golden Tate RB LeGarrette Blount TE Dwayne Allen RB Le'Veon Bell WR Mike Evans WR Adam Humphries QB Jameis Winston FLEX Todd Gurley II,,Martavis Bryant,0.97%,8.4
102,853061953,Catander,0,81.88,DST Ravens  QB Jay Cutler WR Kenny Stills RB Le'Veon Bell RB Jay Ajayi TE Austin Seferian-Jenkins WR Mike Evans WR DeVante Parker FLEX Thomas Rawls,,Mike Tolbert,0.97%,6.4
103,853868093,lito2241,0,75.62,WR Tyreek Hill WR Stefon Diggs DST Lions  TE Antonio Gates QB Philip Rivers RB DeMarco Murray WR Randall Cobb FLEX Carlos Hyde RB Isaiah Crowell,,Brian Hoyer,0.97%,25.12
,,,,,,,Steelers ,0.97%,5
,,,,,,,Marshawn Lynch,0.97%,12.3
,,,,,,,Rishard Matthews,0.97%,6.1
,,,,,,,Antonio Gates,0.97%,4.3
,,,,,,,Philip Rivers,0.97%,21.82
,,,,,,,DeMarco Murray,0.97%,9.9
,,,,,,,Aaron Rodgers,0.97%,24.04
,,,,,,,Cooper Kupp,0.97%,7.4
,,,,,,,Seahawks ,0.97%,16
,,,,,,,Russell Wilson,0.97%,12.52
,,,,,,,Vikings ,0.97%,6
,,,,,,,Vance McDonald,0.97%,0
,,,,,,,Mike Gillislee,0.97%,5.2
,,,,,,,Jacoby Brissett,0.97%,21.96
,,,,,,,Deshaun Watson,0.97%,35.54
,,,,,,,Adam Thielen,0.97%,9.5
,,,,,,,LeSean McCoy,0.97%,14.9
,,,,,,,Donte Moncrief,0.97%,6.2
,,,,,,,Hunter Henry,0.97%,13.2
,,,,,,,Tyler Lockett,0.97%,6.3
,,,,,,,Dak Prescott,0.97%,30.74
