﻿Rank,EntryId,EntryName,TimeRemaining,Points,Lineup,,Player,%Drafted,FPTS
1,852089974,peloubet,0,170.84,QB Deshaun Watson WR Will Fuller V RB Kareem Hunt DST Dolphins  FLEX Bilal Powell WR Jermaine Kearse RB Le'Veon Bell TE Cameron Brate WR Nelson Agholor,,Jameis Winston,58.25%,21.46
2,853624999,jlebrun208,0,165.54,QB Deshaun Watson WR DeAndre Hopkins DST Steelers  TE Delanie Walker FLEX Marshawn Lynch WR Jaron Brown WR Chris Hogan RB Duke Johnson Jr. RB Leonard Fournette,,Le'Veon Bell,50.49%,19.3
3,852613938,bwells00,0,165.36,DST Dolphins  RB Le'Veon Bell RB James White WR Chris Hogan TE Austin Seferian-Jenkins WR Mike Evans WR Adam Humphries FLEX Melvin Gordon QB Jameis Winston,,Mike Evans,49.51%,9.9
4,852679603,GolfGalaxy,0,163.56,DST Eagles  FLEX Dez Bryant WR Pierre Garcon WR T.Y. Hilton TE Austin Seferian-Jenkins WR Mike Evans RB Melvin Gordon RB Isaiah Crowell QB Jameis Winston,,Austin Seferian-Jenkins,31.07%,14.9
5,853629037,mukwa33,0,162.24,QB Deshaun Watson WR DeAndre Hopkins WR Will Fuller V DST Lions  TE Delanie Walker WR Danny Amendola RB Le'Veon Bell FLEX Javorius Allen RB Duke Johnson Jr.,,Dez Bryant,29.13%,16.2
6,853279447,Netlink,0,158.84,QB Deshaun Watson WR Will Fuller V RB Kareem Hunt WR Adam Thielen DST Lions  WR DeSean Jackson FLEX T.Y. Hilton TE Cameron Brate RB Jay Ajayi,,Todd Gurley II,28.16%,6
7,853305990,ADerr15,0,157.82,DST Ravens  QB Tom Brady WR DeSean Jackson WR Dez Bryant FLEX Pierre Garcon WR Chris Hogan RB Melvin Gordon RB Duke Johnson Jr. TE Evan Engram,,Chris Hogan,27.18%,21.4
8,853351574,BoostedRS,0,157.76,DST Steelers  WR Danny Amendola FLEX Dez Bryant TE Cameron Brate RB James White WR Chris Hogan WR Mike Evans RB Melvin Gordon QB Jameis Winston,,Adam Humphries,25.24%,8.1
9,853428194,jlew126,0,157.06,DST Ravens  WR DeSean Jackson FLEX Dez Bryant WR Torrey Smith RB Le'Veon Bell TE Austin Seferian-Jenkins WR DeVante Parker RB Melvin Gordon QB Jameis Winston,,Danny Amendola,22.33%,15.7
10,853479523,Winner476,0,155.56,DST Jets  RB Doug Martin WR Jaron Brown WR Randall Cobb WR T.Y. Hilton TE Austin Seferian-Jenkins RB Melvin Gordon QB Jameis Winston FLEX Ezekiel Elliott,,Bills ,21.36%,8
11,851603893,ZekeFreaks,0,154.92,WR Will Fuller V WR Tyreek Hill DST Eagles  QB Tom Brady TE Cameron Brate WR Chris Hogan FLEX Sterling Shepard RB Leonard Fournette RB Christian McCaffrey,,James White,19.42%,13
12,852369848,Jessyjamesb11,0,154.54,QB Deshaun Watson WR Will Fuller V DST Bills  WR Larry Fitzgerald FLEX Le'Veon Bell TE Cameron Brate WR DeVante Parker RB J.D. McKissic RB Leonard Fournette,,T.Y. Hilton,18.45%,27.7
13,853340773,JTDixon444,0,153.66,DST Eagles  WR Pierre Garcon FLEX Andre Ellington RB Le'Veon Bell TE Austin Seferian-Jenkins WR Mike Evans WR Adam Humphries RB Melvin Gordon QB Jameis Winston,,Cameron Brate,17.48%,17.8
14,851643516,Wuahsports,0,152.94,QB Deshaun Watson WR Will Fuller V FLEX Jordan Howard WR Adam Thielen DST Ravens  WR T.Y. Hilton RB Todd Gurley II TE Evan Engram RB Leonard Fournette,,Ezekiel Elliott,16.50%,17.2
15,851811339,craftylefty,0,152.16,DST Bills  WR Danny Amendola RB Le'Veon Bell WR Chris Hogan TE Austin Seferian-Jenkins WR Adam Humphries FLEX Melvin Gordon QB Jameis Winston RB Todd Gurley II,,Duke Johnson Jr.,15.53%,17.3
16,851665172,redraiderbt,0,152.06,DST Dolphins  WR DeSean Jackson WR Pierre Garcon RB Andre Ellington TE Austin Seferian-Jenkins WR Mike Evans QB Jameis Winston RB Duke Johnson Jr. FLEX Ezekiel Elliott,,Jarvis Landry,15.53%,15.4
17,851923615,drpotter1314,0,151.22,RB Lamar Miller DST Lions  QB Tom Brady RB Frank Gore WR T.Y. Hilton TE Cameron Brate WR Jarvis Landry WR Mike Evans FLEX Melvin Gordon,,Melvin Gordon,14.56%,37.3
18,853017254,splshbrothers30,0,149.64,WR Adam Thielen DST Titans  QB Aaron Rodgers WR Danny Amendola RB Doug Martin TE Charles Clay FLEX Andre Ellington WR Chris Hogan RB Leonard Fournette,,Jaron Brown,14.56%,6.9
19,853535056,ndejesus15,0,149.32,DST Eagles  QB Tom Brady FLEX T.Y. Hilton RB James White WR Jarvis Landry WR Mike Evans WR Adam Humphries TE Hunter Henry RB Leonard Fournette,,Dwayne Allen,13.59%,0
20,853358409,Souzabets,0,148.26,DST Jaguars  WR Pierre Garcon FLEX Terrance Williams TE Dwayne Allen WR T.Y. Hilton WR Mike Evans QB Jameis Winston RB Todd Gurley II RB Leonard Fournette,,Tom Brady,12.62%,17.62
21,853372749,theone11,0,146.56,DST Jets  RB Marshawn Lynch WR Dez Bryant WR Jarvis Landry TE Austin Seferian-Jenkins WR Mike Evans RB Melvin Gordon QB Jameis Winston FLEX Joe Mixon,,Eagles ,12.62%,10
22,852466605,Beelio24,0,145.42,DST Bills  QB Tom Brady WR T.Y. Hilton RB Le'Veon Bell RB James White WR Chris Hogan FLEX Jarvis Landry TE Austin Seferian-Jenkins WR Adam Humphries,,Delanie Walker,11.65%,5.5
23,853511972,tcoker002,0,145.26,DST Bills  WR Dez Bryant WR T.Y. Hilton FLEX Eddie Lacy TE Austin Seferian-Jenkins WR Mike Evans RB Melvin Gordon QB Jameis Winston RB Todd Gurley II,,Will Fuller V,10.68%,20.2
24,852677370,bgmula,0,142.56,DST Bills  WR Danny Amendola FLEX T.Y. Hilton RB Le'Veon Bell WR Chris Hogan TE Austin Seferian-Jenkins WR Adam Humphries QB Jameis Winston RB Todd Gurley II,,Ravens ,10.68%,12
25,852157976,0_for_5,0,142.16,DST Cardinals  WR Dez Bryant RB Le'Veon Bell RB James White TE Austin Seferian-Jenkins WR Mike Evans WR Adam Humphries FLEX Melvin Gordon QB Jameis Winston,,Jets ,10.68%,8
26,850927861,stevestehr,0,139.96,WR DeAndre Hopkins DST Seahawks  WR Jordy Nelson FLEX Martellus Bennett RB Bilal Powell RB James White WR Chris Hogan TE Austin Seferian-Jenkins QB Jameis Winston,,Adam Thielen,9.71%,9.5
27,853347308,jbement,0,137.64,DST Bills  QB Aaron Rodgers WR DeSean Jackson FLEX Bilal Powell WR Jaron Brown WR T.Y. Hilton RB James White TE Austin Seferian-Jenkins RB Ezekiel Elliott,,Frank Gore,9.71%,11.6
28,852542099,kiztulance09,0,136.46,DST Dolphins  FLEX Frank Gore WR Danny Amendola WR Dez Bryant RB LeGarrette Blount RB Le'Veon Bell TE Austin Seferian-Jenkins WR Mike Evans QB Jameis Winston,,DeSean Jackson,9.71%,18.6
29,853620709,00sidmatisse,0,134.76,DST Jets  WR DeSean Jackson RB Andre Ellington FLEX Jaron Brown RB Le'Veon Bell WR Chris Hogan WR Mike Evans QB Jameis Winston TE David Njoku,,Pierre Garcon,9.71%,17.4
30,853391321,dukeluke,0,134.06,DST Bills  WR Danny Amendola FLEX Pierre Garcon WR T.Y. Hilton RB James White TE Austin Seferian-Jenkins WR Mike Evans QB Jameis Winston RB Todd Gurley II,,Lamar Miller,9.71%,10.9
31,852660523,paqthesnake,0,133.96,DST Raiders  WR Danny Amendola FLEX Le'Veon Bell WR Mike Evans QB Jameis Winston TE O.J. Howard RB Aaron Jones RB Leonard Fournette WR JuJu Smith-Schuster,,Bilal Powell,8.74%,7.3
32,852540250,puttst,0,133.86,FLEX Lamar Miller DST Chiefs  WR Jeremy Maclin WR T.Y. Hilton WR Jarvis Landry TE Austin Seferian-Jenkins QB Jameis Winston RB Todd Gurley II RB Ezekiel Elliott,,Leonard Fournette,8.74%,34.4
33,853281945,johncolligan,0,133.56,DST Lions  TE Delanie Walker WR Danny Amendola QB Matthew Stafford FLEX Pierre Garcon WR Golden Tate RB Bilal Powell WR Chris Hogan RB Melvin Gordon,,Chiefs ,8.74%,10
34,852236757,webb5008,0,132.46,DST Cardinals  RB Le'Veon Bell RB James White WR Chris Hogan WR Mike Evans WR Adam Humphries FLEX Melvin Gordon QB Jameis Winston TE Evan Engram,,Jordy Nelson,7.77%,10.4
34,852881350,platinum903,0,132.46,DST Bills  WR Dez Bryant FLEX Andre Ellington WR T.Y. Hilton RB James White TE Austin Seferian-Jenkins WR Mike Evans QB Jameis Winston RB Todd Gurley II,,Aaron Rodgers,7.77%,24.04
36,853605292,acropolisinc,0,131.86,DST Jets  FLEX Danny Amendola WR DeSean Jackson TE Cameron Brate RB James White WR Chris Hogan WR Mike Evans QB Jameis Winston RB Todd Gurley II,,Andre Ellington,7.77%,15.3
37,853613033,fittz,0,130.5,DST Titans  QB Eli Manning TE Ed Dickson RB DeMarco Murray FLEX Jeremy Maclin WR Antonio Brown WR Mike Evans RB Isaiah Crowell WR Brandin Cooks,,DeVante Parker,7.77%,1.6
38,853577510,xprocowboy,0,130.46,DST Jets  WR Pierre Garcon FLEX Andre Ellington WR Jaron Brown RB Le'Veon Bell TE Austin Seferian-Jenkins WR Mike Evans QB Jameis Winston RB Duke Johnson Jr.,,Larry Fitzgerald,6.80%,11.1
39,852178358,yougotcropdusted,0,129.26,DST Bills  WR Dez Bryant RB Andre Ellington WR Jaron Brown RB Le'Veon Bell TE Austin Seferian-Jenkins WR Mike Evans QB Jameis Winston FLEX Duke Johnson Jr.,,Deshaun Watson,6.80%,35.54
40,853216327,dfsmonkey,0,129.16,WR Adam Thielen DST Eagles  WR Danny Amendola FLEX Le'Veon Bell RB James White TE Austin Seferian-Jenkins WR Adam Humphries QB Jameis Winston RB Ezekiel Elliott,,Stefon Diggs,6.80%,1.4
41,853025521,rpdakg,0,128.66,DST Cardinals  WR Dez Bryant WR T.Y. Hilton RB Le'Veon Bell RB James White TE Austin Seferian-Jenkins WR Adam Humphries QB Jameis Winston FLEX Todd Gurley II,,DeAndre Hopkins,5.83%,27.2
42,853441070,Lumbergh21,0,128.46,DST Bills  RB Frank Gore WR Dez Bryant WR Jaron Brown RB Le'Veon Bell TE Cameron Brate WR Mike Evans QB Jameis Winston FLEX Duke Johnson Jr.,,Ameer Abdullah,5.83%,4.4
43,851468899,THEROBBOB20,0,127.56,DST Bills  FLEX Le'Veon Bell RB James White WR Chris Hogan WR Jarvis Landry TE Austin Seferian-Jenkins WR Adam Humphries QB Jameis Winston RB Todd Gurley II,,Evan Engram,5.83%,0
44,853491948,davidbelan22,0,127.54,QB Deshaun Watson WR DeAndre Hopkins WR Will Fuller V DST Bills  FLEX Delanie Walker RB Doug Martin WR Mike Evans RB Todd Gurley II TE O.J. Howard,,Cardinals ,5.83%,2
45,851669885,Derdy13,0,127.36,DST Chargers  WR Jordy Nelson WR Dez Bryant TE Dwayne Allen RB Jay Ajayi WR Mike Evans RB Melvin Gordon QB Jameis Winston FLEX Wayne Gallman,,Lions ,5.83%,3
46,851145670,NeverWorking,0,126.64,WR DeAndre Hopkins DST Colts  QB Aaron Rodgers FLEX Delanie Walker WR Jordy Nelson TE Austin Seferian-Jenkins WR Sterling Shepard RB Duke Johnson Jr. RB Aaron Jones,,Latavius Murray,4.85%,6.3
47,852441941,sorpassa4,0,125.86,WR Will Fuller V FLEX Adam Thielen DST Ravens  WR Jordy Nelson RB Bilal Powell TE Cameron Brate WR Mike Evans QB Jameis Winston RB Duke Johnson Jr.,,Christian McCaffrey,4.85%,14.8
48,853624399,ragepaladin,0,125.76,DST Eagles  WR Danny Amendola WR Dez Bryant RB Le'Veon Bell TE Cameron Brate WR Adam Humphries QB Jameis Winston RB Ezekiel Elliott FLEX Evan Engram,,Dolphins ,4.85%,20
49,852297466,warrenzevon,0,125.36,DST Ravens  QB Josh McCown FLEX Jordy Nelson WR Dez Bryant RB LeSean McCoy WR T.Y. Hilton TE Austin Seferian-Jenkins WR Sammy Watkins RB Christian McCaffrey,,Jeremy Maclin,4.85%,10.3
49,852291797,redcivicex,0,125.36,DST Bills  WR Danny Amendola WR Dez Bryant TE Cameron Brate RB James White WR Mike Evans QB Jameis Winston RB Duke Johnson Jr. FLEX Todd Gurley II,,Doug Martin,3.88%,15.2
51,853406213,ccshrts,0,125.06,DST Jets  WR Dez Bryant WR Jaron Brown RB Le'Veon Bell RB James White TE Austin Seferian-Jenkins WR Adam Humphries QB Jameis Winston FLEX Ezekiel Elliott,,Jay Ajayi,3.88%,8.9
52,853208928,SemperFri,0,124.56,WR Stefon Diggs DST Bills  RB Frank Gore WR T.Y. Hilton TE Cameron Brate WR Mike Evans FLEX Brandin Cooks QB Jameis Winston RB Wayne Gallman,,Jesse James,3.88%,5.4
53,852336986,LK28,0,123.86,DST Eagles  WR DeSean Jackson WR Dez Bryant TE Dwayne Allen RB Le'Veon Bell FLEX James White WR Adam Humphries QB Jameis Winston RB Ezekiel Elliott,,Zach Miller,3.88%,12.9
54,853572129,paz3209,0,122.26,DST Chiefs  WR Stefon Diggs WR Danny Amendola TE Jared Cook RB Andre Ellington WR Jaron Brown FLEX T.Y. Hilton RB Le'Veon Bell QB Jameis Winston,,Carlos Hyde,3.88%,2.8
55,852121729,SleepyW,0,122.06,FLEX Lamar Miller DST Chiefs  RB DeMarco Murray WR Jeremy Maclin RB Le'Veon Bell WR Jarvis Landry TE Austin Seferian-Jenkins WR Mike Evans QB Jameis Winston,,Kareem Hunt,3.88%,17.6
56,852969245,GaryMBrown,0,121.82,WR Will Fuller V DST Steelers  QB Tom Brady TE Charles Clay WR Jaron Brown WR Chris Hogan FLEX Brandin Cooks RB Duke Johnson Jr. RB Christian McCaffrey,,Brandin Cooks,3.88%,13.5
57,851804961,jgriz003,0,121.76,TE Zach Miller DST Dolphins  WR Brandon Marshall WR Torrey Smith RB Le'Veon Bell RB James White WR Mike Evans QB Jameis Winston FLEX Todd Gurley II,,Marshawn Lynch,3.88%,12.3
57,853384587,juanp15,0,121.76,WR Stefon Diggs DST Jets  FLEX Delanie Walker WR Larry Fitzgerald RB Marshawn Lynch WR Golden Tate TE Cameron Brate QB Jameis Winston RB Leonard Fournette,,Sterling Shepard,2.91%,1.9
59,853358835,hpjj,0,121.36,DST Eagles  WR Dez Bryant TE Dwayne Allen WR T.Y. Hilton RB Le'Veon Bell FLEX Robert Woods RB Ameer Abdullah WR Mike Evans QB Jameis Winston,,Aaron Jones,2.91%,23.4
60,851748229,eys819,0,121.06,TE Zach Miller DST Ravens  WR Danny Amendola FLEX Randall Cobb RB Le'Veon Bell WR Mike Evans WR Adam Humphries QB Jameis Winston RB Christian McCaffrey,,Randall Cobb,2.91%,6.9
61,851830541,cascarruthers,0,120.46,DST Chiefs  WR Dez Bryant RB Le'Veon Bell RB Carlos Hyde FLEX Cameron Brate TE Austin Seferian-Jenkins WR Mike Evans WR Adam Humphries QB Jameis Winston,,Jordan Howard,2.91%,7.6
62,853493978,44Brad44,0,120.24,WR Will Fuller V DST Bills  QB Aaron Rodgers WR Larry Fitzgerald RB Eddie Lacy FLEX Le'Veon Bell TE Austin Seferian-Jenkins WR DeVante Parker RB Duke Johnson Jr.,,Titans ,2.91%,9
63,853205843,tommyjohnweber,0,119.76,DST Chiefs  RB Latavius Murray TE Kyle Rudolph RB Frank Gore WR Jordy Nelson WR Dez Bryant FLEX Pierre Garcon WR Mike Evans QB Jameis Winston,,Wayne Gallman,2.91%,13.2
64,853336577,marshallbrown319,0,118.86,DST Ravens  WR Danny Amendola RB Le'Veon Bell TE Cameron Brate RB James White WR Mike Evans WR Adam Humphries FLEX DeVante Parker QB Jameis Winston,,Brandon Marshall,2.91%,3.5
65,851921932,Nookx,0,118.16,DST Eagles  WR Danny Amendola FLEX Dez Bryant TE Dwayne Allen RB Le'Veon Bell WR Chris Hogan WR Adam Humphries QB Jameis Winston RB Todd Gurley II,,DeMarco Murray,2.91%,9.9
65,852679547,Michaelscarn,0,118.16,DST Eagles  WR Danny Amendola FLEX Dez Bryant TE Dwayne Allen RB Le'Veon Bell WR Chris Hogan WR Adam Humphries QB Jameis Winston RB Todd Gurley II,,Travis Kelce,2.91%,17.8
67,853461463,MikeHenry13,0,116.54,WR Will Fuller V RB Latavius Murray DST Jets  QB Aaron Rodgers RB Le'Veon Bell WR Paul Richardson TE Austin Seferian-Jenkins FLEX Mike Evans WR Cooper Kupp,,O.J. Howard,2.91%,0
68,852892167,chinknorris1,0,115.86,DST Chiefs  WR Danny Amendola RB Le'Veon Bell RB Carlos Hyde TE Cameron Brate WR Mike Evans QB Jameis Winston FLEX Duke Johnson Jr. WR Trent Taylor,,LeGarrette Blount,2.91%,7.4
69,851977114,jackacuff,0,115.66,WR Stefon Diggs DST Bills  FLEX Danny Amendola RB Bilal Powell WR Chris Hogan WR Mike Evans QB Jameis Winston RB Duke Johnson Jr. TE Hunter Henry,,Isaiah Crowell,2.91%,8.7
70,852721252,ds2244,0,113.84,WR Adam Thielen TE Kyle Rudolph DST Jets  RB Bilal Powell WR Jaron Brown QB Dak Prescott FLEX Mike Evans WR DeVante Parker RB Aaron Jones,,Kyle Rudolph,2.91%,16.5
71,853087474,Hothead2288,0,112.92,DST Ravens  QB Tom Brady RB Frank Gore TE Delanie Walker WR Alshon Jeffery RB Le'Veon Bell WR Jarvis Landry FLEX Javorius Allen WR Marqise Lee,,Steelers ,2.91%,5
72,853665543,richmurphy55,0,112.72,FLEX DeAndre Hopkins DST Browns  QB Tom Brady RB Frank Gore WR DeSean Jackson WR Chris Hogan WR DeVante Parker RB Isaiah Crowell TE Evan Engram,,Golden Tate,2.91%,9.8
73,852634754,AlkalineRob,0,111.84,RB Lamar Miller DST Bills  QB Aaron Rodgers WR Jeremy Maclin WR Dez Bryant RB Le'Veon Bell TE Tyler Kroft WR Mike Evans FLEX Jesse James,,Martellus Bennett,1.94%,8.3
74,851934429,Ring7scoming,0,111.66,QB Alex Smith FLEX Travis Kelce WR Stefon Diggs DST Lions  WR Danny Amendola RB Le'Veon Bell TE Jesse James WR Sterling Shepard RB Duke Johnson Jr.,,Kenny Stills,1.94%,2.3
75,853178480,A1manpaty,0,111.52,TE Travis Kelce RB Tarik Cohen DST Packers  QB Tom Brady WR Dez Bryant WR Golden Tate RB Mike Gillislee FLEX Theo Riddick WR Chris Hogan,,Torrey Smith,1.94%,15.7
76,853565880,TRAVDIBIASE,0,111.04,RB Latavius Murray DST Bills  RB Frank Gore TE Jared Cook QB Tyrod Taylor WR Antonio Brown WR Keenan Allen FLEX Chris Hogan WR Mike Evans,,Paul Richardson,1.94%,6.5
77,851397786,ohiost8,0,109.32,RB Latavius Murray DST Panthers  QB Tom Brady TE Delanie Walker WR Larry Fitzgerald RB Doug Martin WR Randall Cobb WR Chris Hogan FLEX Duke Johnson Jr.,,Hunter Henry,1.94%,13.2
78,851979688,keonip11,0,108.76,TE Zach Miller DST Cowboys  WR Terrance Williams RB Le'Veon Bell WR Jarvis Landry WR Adam Humphries QB Jameis Winston RB Todd Gurley II FLEX Ezekiel Elliott,,Terrance Williams,1.94%,3.4
79,852658513,UTLambdas,0,108.56,FLEX Lamar Miller DST Bills  WR Dez Bryant RB LeGarrette Blount TE Dwayne Allen RB Le'Veon Bell WR Jarvis Landry WR Mike Evans QB Jameis Winston,,Jermaine Kearse,1.94%,13.8
79,853457741,MSVS,0,108.56,FLEX Lamar Miller DST Bills  WR Dez Bryant RB LeGarrette Blount TE Dwayne Allen RB Le'Veon Bell WR Jarvis Landry WR Mike Evans QB Jameis Winston,,J.D. McKissic,1.94%,6.6
81,852390167,denaboy4life,0,106.22,RB Lamar Miller DST Chiefs  QB Tom Brady RB Jonathan Stewart WR Jeremy Maclin FLEX Le'Veon Bell WR Jarvis Landry WR Mike Evans TE Jesse James,,Robert Woods,1.94%,12.4
82,851717709,ridfsguy,0,105.96,DST Bills  WR Jordy Nelson WR Pierre Garcon WR Kenny Stills FLEX Cameron Brate TE Jesse James QB Jameis Winston RB Todd Gurley II RB Ezekiel Elliott,,Carson Wentz,1.94%,31.26
83,852865218,FearToxin90,0,105.32,DST Eagles  QB Brian Hoyer WR Jaron Brown WR Kenny Stills RB Le'Veon Bell TE Austin Seferian-Jenkins WR Robby Anderson RB Todd Gurley II FLEX Ezekiel Elliott,,Tyler Kroft,1.94%,7.8
84,852531763,Squanto401k,0,105.16,DST Bengals  TE Delanie Walker RB Le'Veon Bell WR Robert Woods WR Jarvis Landry FLEX Ameer Abdullah QB Carson Wentz RB Todd Gurley II WR Zay Jones,,Raiders ,1.94%,0
85,853491428,gavdj,0,104.76,FLEX Lamar Miller DST Cardinals  TE Dwayne Allen RB Le'Veon Bell WR Chris Hogan WR Jarvis Landry RB Ameer Abdullah WR Mike Evans QB Jameis Winston,,Robby Anderson,1.94%,3.6
86,852208952,100percentfitPT,0,104.22,DST Ravens  QB Tom Brady FLEX Larry Fitzgerald WR Chris Hogan WR Mike Evans WR Brandin Cooks TE O.J. Howard RB Wayne Gallman RB Alex Collins,,Trent Taylor,1.94%,1.6
87,851517425,blaser1990cards,0,103.34,FLEX Jordan Howard DST Titans  RB Frank Gore QB Aaron Rodgers WR Cole Beasley WR Allen Hurns WR Mike Evans TE Eric Ebron RB Ezekiel Elliott,,Charles Clay,1.94%,5.1
88,852881169,psufans2,0,102.46,DST Bills  FLEX Martellus Bennett TE Dwayne Allen RB Le'Veon Bell WR Chris Hogan WR Mike Evans WR Adam Humphries QB Jameis Winston RB Todd Gurley II,,Alshon Jeffery,1.94%,6.1
89,853463863,deen67,0,101.42,DST Chiefs  TE Zach Miller QB Tom Brady WR Brandon Marshall WR Dez Bryant FLEX Shane Vereen RB Le'Veon Bell RB Todd Gurley II WR Cooper Kupp,,Javorius Allen,1.94%,18.5
90,853621338,HungryHungryHippies,0,100.06,DST Lions  WR Dez Bryant RB Le'Veon Bell TE Cameron Brate WR Adam Humphries WR DeVante Parker FLEX J.D. McKissic QB Jameis Winston RB Todd Gurley II,,Packers ,1.94%,12
91,852741245,APKiller,0,98.95999,FLEX Lamar Miller DST Chiefs  TE Dwayne Allen WR Jarvis Landry WR Mike Evans WR Adam Humphries QB Jameis Winston RB Todd Gurley II RB Ezekiel Elliott,,Joe Mixon,1.94%,11.1
92,853527057,redeyes7,0,97.49999,RB Jordan Howard WR Stefon Diggs TE Kyle Rudolph DST Jets  QB Eli Manning WR Jermaine Kearse WR Jaron Brown FLEX Ezekiel Elliott RB Joe Mixon,,Cooper Kupp,1.94%,7.4
93,851701317,MoneyTrain18,0,96.66,DST Cardinals  WR Danny Amendola WR Jaron Brown TE Dwayne Allen RB Le'Veon Bell WR Adam Humphries QB Jameis Winston FLEX Todd Gurley II RB Ezekiel Elliott,,Eddie Lacy,1.94%,3.8
94,852824384,Buck22,0,95.26,DST Ravens  WR DeSean Jackson RB Bilal Powell WR Jaron Brown FLEX Chris Hogan WR DeVante Parker QB Jameis Winston RB Todd Gurley II TE Evan Engram,,Eli Manning,1.94%,15
95,851441780,Meathedd,0,95.02,WR Adam Thielen DST Eagles  QB Russell Wilson RB Le'Veon Bell FLEX Ameer Abdullah TE Austin Seferian-Jenkins WR Tyler Lockett WR Ricardo Louis RB Todd Gurley II,,Jared Cook,1.94%,4.5
96,853552309,Bbondsmvp,0,94.86,DST Eagles  WR Danny Amendola TE Dwayne Allen RB Le'Veon Bell FLEX Ameer Abdullah WR Mike Evans WR Adam Humphries QB Jameis Winston RB Todd Gurley II,,Antonio Brown,1.94%,28.7
97,853506010,Jwaz,0,94.26,RB Kareem Hunt DST Cardinals  WR Dez Bryant TE Dwayne Allen RB James White WR Mike Evans WR Adam Humphries QB Jameis Winston FLEX Todd Gurley II,,Browns ,1.94%,6
98,853452114,lil.lalo,0,93.38,WR Adam Thielen DST Vikings  RB Frank Gore TE Delanie Walker WR Larry Fitzgerald QB Ben Roethlisberger WR Jarvis Landry RB Jay Ajayi FLEX Christian McCaffrey,,Seahawks ,0.97%,16
99,851915454,oldraben,0,88.42,RB Kareem Hunt QB Mitchell Trubisky WR Adam Thielen DST Ravens  WR Brandon Marshall RB DeMarco Murray FLEX Rob Gronkowski TE Zach Ertz WR Paul Richardson,,Colts ,0.97%,2
100,853194689,danfouts1,0,88.3,WR Albert Wilson TE Travis Kelce DST Packers  WR Jordy Nelson FLEX Marshawn Lynch RB Le'Veon Bell RB Carlos Hyde QB Blake Bortles WR Donte Moncrief,,Panthers ,0.97%,8
101,853639984,Hammertime611,0,87.54,FLEX Latavius Murray WR Adam Thielen DST Jets  QB Carson Palmer TE Delanie Walker WR Larry Fitzgerald RB Bilal Powell RB Carlos Hyde WR Chris Hogan,,Russell Wilson,0.97%,12.52
102,853623912,Kylecunn,0,84.35999,WR Stefon Diggs DST Browns  TE Delanie Walker RB Mike Tolbert WR Alshon Jeffery RB Jay Ajayi QB Carson Wentz FLEX Ezekiel Elliott WR Trent Taylor,,Tyler Lockett,0.97%,6.3
103,853057250,lorenl,0,83.94,FLEX Lamar Miller DST Raiders  QB Aaron Rodgers WR Rishard Matthews RB Ameer Abdullah TE Tyler Kroft WR Mike Evans WR Robby Anderson RB Ezekiel Elliott,,Ricardo Louis,0.97%,12.1
,,,,,,,Cole Beasley,0.97%,18.3
,,,,,,,Allen Hurns,0.97%,4.1
,,,,,,,Eric Ebron,0.97%,1.6
,,,,,,,Tyreek Hill,0.97%,16.8
,,,,,,,Chargers ,0.97%,10
,,,,,,,Mitchell Trubisky,0.97%,11.32
,,,,,,,Rob Gronkowski,0.97%,0
,,,,,,,Zach Ertz,0.97%,18.1
,,,,,,,Alex Smith,0.97%,29.86
,,,,,,,Cowboys ,0.97%,5
,,,,,,,Nelson Agholor,0.97%,19.3
,,,,,,,Alex Collins,0.97%,5.5
,,,,,,,Josh McCown,0.97%,14.46
,,,,,,,LeSean McCoy,0.97%,14.9
,,,,,,,Sammy Watkins,0.97%,0
,,,,,,,Jonathan Stewart,0.97%,7.4
,,,,,,,Bengals ,0.97%,9
,,,,,,,Zay Jones,0.97%,1.9
,,,,,,,JuJu Smith-Schuster,0.97%,9.8
,,,,,,,Dak Prescott,0.97%,30.74
,,,,,,,Brian Hoyer,0.97%,25.12
,,,,,,,Rishard Matthews,0.97%,6.1
,,,,,,,Marqise Lee,0.97%,6.9
,,,,,,,Tarik Cohen,0.97%,2.2
,,,,,,,Mike Gillislee,0.97%,5.2
,,,,,,,Theo Riddick,0.97%,9.3
,,,,,,,Albert Wilson,0.97%,3.8
,,,,,,,Blake Bortles,0.97%,3.7
,,,,,,,Donte Moncrief,0.97%,6.2
,,,,,,,Matthew Stafford,0.97%,16.16
,,,,,,,Jaguars ,0.97%,28
,,,,,,,Vikings ,0.97%,6
,,,,,,,Ben Roethlisberger,0.97%,10.58
,,,,,,,Shane Vereen,0.97%,8.5
,,,,,,,Tyrod Taylor,0.97%,9.94
,,,,,,,Keenan Allen,0.97%,10.7
,,,,,,,Ed Dickson,0.97%,25.5
,,,,,,,David Njoku,0.97%,13.9
,,,,,,,Mike Tolbert,0.97%,6.4
,,,,,,,Carson Palmer,0.97%,15.64
