"Position","Name","Salary","GameInfo","AvgPointsPerGame","teamAbbrev"
"RB","Le'Veon Bell",9500,"JAX@PIT 01:00PM ET",20.050,"PIT"
"RB","Ezekiel Elliott",8800,"GB@DAL 04:25PM ET",19.125,"DAL"
"RB","Kareem Hunt",8600,"KC@HOU 08:30PM ET",30.725,"KC"
"WR","Odell Beckham Jr.",8500,"LAC@NYG 01:00PM ET",17.500,"NYG"
"WR","Antonio Brown",8400,"JAX@PIT 01:00PM ET",20.200,"PIT"
"WR","A.J. Green",8200,"BUF@CIN 01:00PM ET",17.875,"CIN"
"QB","Aaron Rodgers",8100,"GB@DAL 04:25PM ET",23.985,"GB"
"WR","Jordy Nelson",8100,"GB@DAL 04:25PM ET",16.900,"GB"
"QB","Tom Brady",8000,"NE@TB 08:25PM ET",26.915,"NE"
"RB","Todd Gurley II",8000,"SEA@LAR 04:05PM ET",31.650,"LAR"
"WR","Mike Evans",7900,"NE@TB 08:25PM ET",17.900,"TB"
"RB","LeSean McCoy",7800,"BUF@CIN 01:00PM ET",15.475,"BUF"
"WR","DeAndre Hopkins",7600,"KC@HOU 08:30PM ET",19.275,"HOU"
"WR","Brandin Cooks",7400,"NE@TB 08:25PM ET",15.100,"NE"
"RB","Ty Montgomery",7400,"GB@DAL 04:25PM ET",16.025,"GB"
"WR","Stefon Diggs",7300,"MIN@CHI 08:30PM ET",21.975,"MIN"
"WR","Keenan Allen",7200,"LAC@NYG 01:00PM ET",17.350,"LAC"
"QB","Russell Wilson",7100,"SEA@LAR 04:05PM ET",22.690,"SEA"
"RB","Leonard Fournette",7000,"JAX@PIT 01:00PM ET",20.000,"JAX"
"WR","Doug Baldwin",7000,"SEA@LAR 04:05PM ET",14.600,"SEA"
"TE","Rob Gronkowski",6900,"NE@TB 08:25PM ET",16.700,"NE"
"RB","Carlos Hyde",6900,"SF@IND 01:00PM ET",18.225,"SF"
"WR","Larry Fitzgerald",6800,"ARI@PHI 01:00PM ET",17.150,"ARI"
"QB","Dak Prescott",6800,"GB@DAL 04:25PM ET",20.385,"DAL"
"WR","Randall Cobb",6700,"GB@DAL 04:25PM ET",14.967,"GB"
"WR","Tyreek Hill",6700,"KC@HOU 08:30PM ET",16.800,"KC"
"RB","Jay Ajayi",6600,"TEN@MIA 01:00PM ET",9.500,"MIA"
"WR","DeVante Parker",6600,"TEN@MIA 01:00PM ET",15.667,"MIA"
"QB","Carson Wentz",6600,"ARI@PHI 01:00PM ET",20.255,"PHI"
"QB","Cam Newton",6500,"CAR@DET 01:00PM ET",18.570,"CAR"
"WR","Dez Bryant",6500,"GB@DAL 04:25PM ET",12.300,"DAL"
"QB","Marcus Mariota",6400,"TEN@MIA 01:00PM ET",17.570,"TEN"
"QB","Ben Roethlisberger",6400,"JAX@PIT 01:00PM ET",14.695,"PIT"
"WR","Michael Crabtree",6400,"BAL@OAK 04:05PM ET",16.000,"OAK"
"QB","Matthew Stafford",6300,"CAR@DET 01:00PM ET",17.195,"DET"
"WR","Golden Tate",6300,"CAR@DET 01:00PM ET",13.950,"DET"
"RB","David Johnson",6300,"ARI@PHI 01:00PM ET",14.100,"ARI"
"RB","Bilal Powell",6200,"NYJ@CLE 01:00PM ET",12.975,"NYJ"
"TE","Zach Ertz",6200,"ARI@PHI 01:00PM ET",15.900,"PHI"
"QB","Derek Carr",6200,"BAL@OAK 04:05PM ET",14.205,"OAK"
"QB","Deshaun Watson",6200,"KC@HOU 08:30PM ET",21.310,"HOU"
"WR","Chris Hogan",6100,"NE@TB 08:25PM ET",15.525,"NE"
"WR","Pierre Garcon",6100,"SF@IND 01:00PM ET",12.875,"SF"
"QB","Eli Manning",6100,"LAC@NYG 01:00PM ET",18.905,"NYG"
"QB","Jameis Winston",6000,"NE@TB 08:25PM ET",21.153,"TB"
"QB","Andy Dalton",6000,"BUF@CIN 01:00PM ET",14.270,"CIN"
"WR","T.Y. Hilton",6000,"SF@IND 01:00PM ET",13.475,"IND"
"RB","Melvin Gordon",6000,"LAC@NYG 01:00PM ET",14.375,"LAC"
"TE","Travis Kelce",6000,"KC@HOU 08:30PM ET",16.300,"KC"
"QB","Sam Bradford",6000,"MIN@CHI 08:30PM ET",28.540,"MIN"
"WR","Kelvin Benjamin",5900,"CAR@DET 01:00PM ET",9.350,"CAR"
"QB","Carson Palmer",5900,"ARI@PHI 01:00PM ET",19.230,"ARI"
"RB","Chris Carson",5900,"SEA@LAR 04:05PM ET",9.925,"SEA"
"QB","Alex Smith",5900,"KC@HOU 08:30PM ET",23.145,"KC"
"WR","Adam Thielen",5900,"MIN@CHI 08:30PM ET",15.200,"MIN"
"WR","Jarvis Landry",5800,"TEN@MIA 01:00PM ET",13.633,"MIA"
"QB","Philip Rivers",5800,"LAC@NYG 01:00PM ET",17.320,"LAC"
"WR","Alshon Jeffery",5800,"ARI@PHI 01:00PM ET",13.125,"PHI"
"WR","Davante Adams",5800,"GB@DAL 04:25PM ET",12.475,"GB"
"RB","Christian McCaffrey",5700,"CAR@DET 01:00PM ET",13.375,"CAR"
"QB","Andrew Luck",5700,"SF@IND 01:00PM ET",0,"IND"
"WR","Amari Cooper",5700,"BAL@OAK 04:05PM ET",7.250,"OAK"
"WR","Devin Funchess",5600,"CAR@DET 01:00PM ET",12.650,"CAR"
"QB","Jacoby Brissett",5600,"SF@IND 01:00PM ET",12.805,"IND"
"RB","Jordan Howard",5600,"MIN@CHI 08:30PM ET",16.500,"CHI"
"RB","Doug Martin",5500,"NE@TB 08:25PM ET",0,"TB"
"QB","Jimmy Garoppolo",5500,"NE@TB 08:25PM ET",0,"NE"
"RB","Joe Mixon",5500,"BUF@CIN 01:00PM ET",8.100,"CIN"
"QB","DeShone Kizer",5500,"NYJ@CLE 01:00PM ET",13.815,"CLE"
"WR","DeSean Jackson",5400,"NE@TB 08:25PM ET",9.767,"TB"
"QB","Derek Anderson",5400,"CAR@DET 01:00PM ET",0.680,"CAR"
"RB","DeMarco Murray",5400,"TEN@MIA 01:00PM ET",9.825,"TEN"
"WR","Rishard Matthews",5400,"TEN@MIA 01:00PM ET",12.000,"TEN"
"RB","Mike Gillislee",5300,"NE@TB 08:25PM ET",10.850,"NE"
"WR","Tyrell Williams",5300,"LAC@NYG 01:00PM ET",12.200,"LAC"
"QB","Jared Goff",5300,"SEA@LAR 04:05PM ET",18.295,"LAR"
"RB","Tarik Cohen",5300,"MIN@CHI 08:30PM ET",15.525,"CHI"
"QB","Jay Cutler",5200,"TEN@MIA 01:00PM ET",10.620,"MIA"
"RB","Derrick Henry",5200,"TEN@MIA 01:00PM ET",6.450,"TEN"
"WR","Sterling Shepard",5200,"LAC@NYG 01:00PM ET",14.175,"NYG"
"WR","John Brown",5100,"ARI@PHI 01:00PM ET",7.950,"ARI"
"RB","Marshawn Lynch",5100,"BAL@OAK 04:05PM ET",6.725,"OAK"
"RB","Aaron Jones",5100,"GB@DAL 04:25PM ET",3.633,"GB"
"QB","Case Keenum",5100,"MIN@CHI 08:30PM ET",15.667,"MIN"
"WR","Danny Amendola",5000,"NE@TB 08:25PM ET",14.333,"NE"
"QB","Tyrod Taylor",5000,"BUF@CIN 01:00PM ET",15.140,"BUF"
"WR","Martavis Bryant",5000,"JAX@PIT 01:00PM ET",8.750,"PIT"
"WR","Sammy Watkins",5000,"SEA@LAR 04:05PM ET",12.525,"LAR"
"RB","Alfred Morris",5000,"GB@DAL 04:25PM ET",2.567,"DAL"
"RB","Jamaal Williams",5000,"GB@DAL 04:25PM ET",1.475,"GB"
"RB","Lamar Miller",5000,"KC@HOU 08:30PM ET",14.925,"HOU"
"RB","Dalvin Cook",5000,"MIN@CHI 08:30PM ET",17.350,"MIN"
"RB","James White",4900,"NE@TB 08:25PM ET",11.650,"NE"
"RB","Duke Johnson Jr.",4900,"NYJ@CLE 01:00PM ET",14.600,"CLE"
"WR","J.J. Nelson",4900,"ARI@PHI 01:00PM ET",11.925,"ARI"
"TE","Jimmy Graham",4900,"SEA@LAR 04:05PM ET",7.300,"SEA"
"QB","EJ Manuel",4900,"BAL@OAK 04:05PM ET",3.240,"OAK"
"QB","Mitchell Trubisky",4900,"MIN@CHI 08:30PM ET",0.000,"CHI"
"TE","Charles Clay",4800,"BUF@CIN 01:00PM ET",13.925,"BUF"
"WR","Corey Coleman",4800,"NYJ@CLE 01:00PM ET",9.100,"CLE"
"QB","Blake Bortles",4800,"JAX@PIT 01:00PM ET",15.770,"JAX"
"QB","AJ McCarron",4700,"BUF@CIN 01:00PM ET",0.000,"CIN"
"RB","Isaiah Crowell",4700,"NYJ@CLE 01:00PM ET",6.350,"CLE"
"RB","Ameer Abdullah",4700,"CAR@DET 01:00PM ET",11.800,"DET"
"QB","Brian Hoyer",4700,"SF@IND 01:00PM ET",11.755,"SF"
"QB","Matt Cassel",4700,"TEN@MIA 01:00PM ET",-2.160,"TEN"
"TE","Delanie Walker",4700,"TEN@MIA 01:00PM ET",11.500,"TEN"
"WR","Allen Hurns",4700,"JAX@PIT 01:00PM ET",11.650,"JAX"
"QB","Joe Flacco",4700,"BAL@OAK 04:05PM ET",8.485,"BAL"
"QB","Patrick Mahomes II",4700,"KC@HOU 08:30PM ET",0,"KC"
"QB","Kevin Hogan",4600,"NYJ@CLE 01:00PM ET",5.410,"CLE"
"WR","Brandon Marshall",4600,"LAC@NYG 01:00PM ET",7.475,"NYG"
"RB","Andre Ellington",4600,"ARI@PHI 01:00PM ET",10.825,"ARI"
"RB","Wendell Smallwood",4600,"ARI@PHI 01:00PM ET",7.475,"PHI"
"WR","Paul Richardson",4600,"SEA@LAR 04:05PM ET",10.075,"SEA"
"RB","Jacquizz Rodgers",4500,"NE@TB 08:25PM ET",9.000,"TB"
"QB","Josh McCown",4500,"NYJ@CLE 01:00PM ET",12.460,"NYJ"
"WR","Jermaine Kearse",4500,"NYJ@CLE 01:00PM ET",12.050,"NYJ"
"TE","Greg Olsen",4500,"CAR@DET 01:00PM ET",2.900,"CAR"
"QB","Matt Moore",4500,"TEN@MIA 01:00PM ET",0,"MIA"
"QB","Geno Smith",4500,"LAC@NYG 01:00PM ET",0,"NYG"
"QB","Cardale Jones",4500,"LAC@NYG 01:00PM ET",0,"LAC"
"WR","Jaron Brown",4500,"ARI@PHI 01:00PM ET",10.875,"ARI"
"QB","Landry Jones",4500,"JAX@PIT 01:00PM ET",0,"PIT"
"RB","James Conner",4500,"JAX@PIT 01:00PM ET",1.150,"PIT"
"WR","Tyler Lockett",4500,"SEA@LAR 04:05PM ET",8.075,"SEA"
"WR","Cooper Kupp",4500,"SEA@LAR 04:05PM ET",11.150,"LAR"
"RB","Javorius Allen",4500,"BAL@OAK 04:05PM ET",11.600,"BAL"
"RB","Darren McFadden",4500,"GB@DAL 04:25PM ET",0,"DAL"
"QB","Cooper Rush",4500,"GB@DAL 04:25PM ET",0,"DAL"
"RB","Latavius Murray",4500,"MIN@CHI 08:30PM ET",1.650,"MIN"
"QB","Ryan Fitzpatrick",4400,"NE@TB 08:25PM ET",-0.200,"TB"
"RB","Frank Gore",4400,"SF@IND 01:00PM ET",10.125,"IND"
"WR","Marqise Lee",4400,"JAX@PIT 01:00PM ET",7.225,"JAX"
"WR","Geronimo Allison",4400,"GB@DAL 04:25PM ET",8.867,"GB"
"WR","Will Fuller V",4400,"KC@HOU 08:30PM ET",19.900,"HOU"
"QB","Mike Glennon",4400,"MIN@CHI 08:30PM ET",11.180,"CHI"
"WR","Kenny Britt",4300,"NYJ@CLE 01:00PM ET",6.525,"CLE"
"RB","Elijah McGuire",4300,"NYJ@CLE 01:00PM ET",7.025,"NYJ"
"QB","Scott Tolzien",4300,"SF@IND 01:00PM ET",3.320,"IND"
"QB","Nick Foles",4300,"ARI@PHI 01:00PM ET",0,"PHI"
"QB","Blaine Gabbert",4300,"ARI@PHI 01:00PM ET",0,"ARI"
"QB","Chad Henne",4300,"JAX@PIT 01:00PM ET",-0.300,"JAX"
"QB","Austin Davis",4300,"SEA@LAR 04:05PM ET",0,"SEA"
"QB","Tom Savage",4300,"KC@HOU 08:30PM ET",0.240,"HOU"
"QB","Jake Rudock",4200,"CAR@DET 01:00PM ET",0.000,"DET"
"QB","C.J. Beathard",4200,"SF@IND 01:00PM ET",0.000,"SF"
"RB","LeGarrette Blount",4200,"ARI@PHI 01:00PM ET",11.250,"PHI"
"QB","Sean Mannion",4200,"SEA@LAR 04:05PM ET",-0.220,"LAR"
"WR","Jeremy Maclin",4200,"BAL@OAK 04:05PM ET",8.400,"BAL"
"TE","Jason Witten",4200,"GB@DAL 04:25PM ET",11.950,"DAL"
"QB","Brett Hundley",4200,"GB@DAL 04:25PM ET",0.000,"GB"
"RB","Giovani Bernard",4100,"BUF@CIN 01:00PM ET",10.575,"CIN"
"WR","Marvin Jones Jr.",4100,"CAR@DET 01:00PM ET",8.250,"DET"
"RB","Theo Riddick",4100,"CAR@DET 01:00PM ET",7.825,"DET"
"RB","Branden Oliver",4100,"LAC@NYG 01:00PM ET",3.200,"LAC"
"TE","Martellus Bennett",4100,"GB@DAL 04:25PM ET",7.775,"GB"
"WR","Cole Beasley",4100,"GB@DAL 04:25PM ET",4.900,"DAL"
"QB","Ryan Griffin",4000,"NE@TB 08:25PM ET",0,"TB"
"RB","Rex Burkhead",4000,"NE@TB 08:25PM ET",8.350,"NE"
"WR","Phillip Dorsett",4000,"NE@TB 08:25PM ET",3.300,"NE"
"QB","Joe Webb",4000,"BUF@CIN 01:00PM ET",0.000,"BUF"
"WR","Jordan Matthews",4000,"BUF@CIN 01:00PM ET",8.050,"BUF"
"QB","Jeff Driskel",4000,"BUF@CIN 01:00PM ET",0,"CIN"
"QB","Nathan Peterman",4000,"BUF@CIN 01:00PM ET",0,"BUF"
"WR","Josh Gordon",4000,"NYJ@CLE 01:00PM ET",0,"CLE"
"QB","Bryce Petty",4000,"NYJ@CLE 01:00PM ET",0,"NYJ"
"QB","Cody Kessler",4000,"NYJ@CLE 01:00PM ET",0,"CLE"
"WR","Robby Anderson",4000,"NYJ@CLE 01:00PM ET",9.600,"NYJ"
"QB","Christian Hackenberg",4000,"NYJ@CLE 01:00PM ET",0,"NYJ"
"WR","Kenny Golladay",4000,"CAR@DET 01:00PM ET",9.733,"DET"
"QB","Brad Kaaya",4000,"CAR@DET 01:00PM ET",0,"CAR"
"WR","Eric Decker",4000,"TEN@MIA 01:00PM ET",5.600,"TEN"
"RB","Kenyan Drake",4000,"TEN@MIA 01:00PM ET",1.333,"MIA"
"WR","Corey Davis",4000,"TEN@MIA 01:00PM ET",7.150,"TEN"
"QB","Kellen Clemens",4000,"LAC@NYG 01:00PM ET",0,"LAC"
"WR","Travis Benjamin",4000,"LAC@NYG 01:00PM ET",9.725,"LAC"
"QB","Davis Webb",4000,"LAC@NYG 01:00PM ET",0,"NYG"
"TE","Evan Engram",4000,"LAC@NYG 01:00PM ET",11.250,"NYG"
"QB","Drew Stanton",4000,"ARI@PHI 01:00PM ET",0,"ARI"
"QB","Ryan Nassib",4000,"JAX@PIT 01:00PM ET",0,"JAX"
"QB","Joshua Dobbs",4000,"JAX@PIT 01:00PM ET",0,"PIT"
"QB","Brandon Allen",4000,"SEA@LAR 04:05PM ET",0,"LAR"
"RB","C.J. Prosise",4000,"SEA@LAR 04:05PM ET",5.567,"SEA"
"WR","Mike Wallace",4000,"BAL@OAK 04:05PM ET",5.750,"BAL"
"QB","Ryan Mallett",4000,"BAL@OAK 04:05PM ET",5.440,"BAL"
"RB","Terrance West",4000,"BAL@OAK 04:05PM ET",6.850,"BAL"
"QB","Connor Cook",4000,"BAL@OAK 04:05PM ET",0,"OAK"
"RB","Alex Collins",4000,"BAL@OAK 04:05PM ET",6.200,"BAL"
"QB","Kellen Moore",4000,"GB@DAL 04:25PM ET",0,"DAL"
"RB","D'Onta Foreman",4000,"KC@HOU 08:30PM ET",4.975,"HOU"
"QB","Tyler Bray",4000,"KC@HOU 08:30PM ET",0,"KC"
"RB","Charcandrick West",4000,"KC@HOU 08:30PM ET",5.325,"KC"
"QB","Mark Sanchez",4000,"MIN@CHI 08:30PM ET",0,"CHI"
"WR","Kendall Wright",4000,"MIN@CHI 08:30PM ET",8.850,"CHI"
"QB","Kyle Sloter",4000,"MIN@CHI 08:30PM ET",0,"MIN"
"QB","Teddy Bridgewater",4000,"MIN@CHI 08:30PM ET",0,"MIN"
"RB","Jerick McKinnon",4000,"MIN@CHI 08:30PM ET",3.400,"MIN"
"RB","Charles Sims",3900,"NE@TB 08:25PM ET",2.433,"TB"
"RB","Matt Forte",3900,"NYJ@CLE 01:00PM ET",7.400,"NYJ"
"WR","Jeremy Kerley",3900,"NYJ@CLE 01:00PM ET",7.433,"NYJ"
"RB","Jonathan Stewart",3900,"CAR@DET 01:00PM ET",8.275,"CAR"
"WR","Donte Moncrief",3900,"SF@IND 01:00PM ET",7.050,"IND"
"RB","Wayne Gallman",3900,"LAC@NYG 01:00PM ET",13.000,"NYG"
"RB","Chris Johnson",3900,"ARI@PHI 01:00PM ET",5.600,"ARI"
"WR","Nelson Agholor",3900,"ARI@PHI 01:00PM ET",10.325,"PHI"
"DST","Steelers ",3900,"JAX@PIT 01:00PM ET",11.500,"PIT"
"RB","T.J. Yeldon",3900,"JAX@PIT 01:00PM ET",0,"JAX"
"RB","Malcolm Brown",3900,"SEA@LAR 04:05PM ET",3.533,"LAR"
"TE","Jared Cook",3900,"BAL@OAK 04:05PM ET",9.750,"OAK"
"RB","Jalen Richard",3900,"BAL@OAK 04:05PM ET",7.050,"OAK"
"RB","Mike Tolbert",3800,"BUF@CIN 01:00PM ET",5.325,"BUF"
"RB","Dwayne Washington",3800,"CAR@DET 01:00PM ET",1.550,"DET"
"WR","Marquise Goodwin",3800,"SF@IND 01:00PM ET",5.425,"SF"
"RB","Matt Breida",3800,"SF@IND 01:00PM ET",3.700,"SF"
"RB","Marlon Mack",3800,"SF@IND 01:00PM ET",6.650,"IND"
"RB","Damien Williams",3800,"TEN@MIA 01:00PM ET",0.733,"MIA"
"TE","Hunter Henry",3800,"LAC@NYG 01:00PM ET",6.150,"LAC"
"RB","Corey Clement",3800,"ARI@PHI 01:00PM ET",2.800,"PHI"
"RB","Chris Ivory",3800,"JAX@PIT 01:00PM ET",6.425,"JAX"
"RB","Danny Woodhead",3800,"BAL@OAK 04:05PM ET",6.700,"BAL"
"RB","DeAndre Washington",3800,"BAL@OAK 04:05PM ET",4.625,"OAK"
"RB","Alfred Blue",3800,"KC@HOU 08:30PM ET",1.200,"HOU"
"TE","Kyle Rudolph",3800,"MIN@CHI 08:30PM ET",6.725,"MIN"
"TE","Cameron Brate",3700,"NE@TB 08:25PM ET",11.900,"TB"
"TE","Tyler Eifert",3700,"BUF@CIN 01:00PM ET",4.300,"CIN"
"WR","Ricardo Louis",3700,"NYJ@CLE 01:00PM ET",5.825,"CLE"
"WR","Russell Shepard",3700,"CAR@DET 01:00PM ET",4.300,"CAR"
"RB","Robert Turbin",3700,"SF@IND 01:00PM ET",3.500,"IND"
"TE","Jack Doyle",3700,"SF@IND 01:00PM ET",8.075,"IND"
"WR","Kenny Stills",3700,"TEN@MIA 01:00PM ET",8.367,"MIA"
"WR","Mike Williams",3700,"LAC@NYG 01:00PM ET",0,"LAC"
"WR","Robert Woods",3700,"SEA@LAR 04:05PM ET",8.400,"LAR"
"RB","Thomas Rawls",3700,"SEA@LAR 04:05PM ET",0.200,"SEA"
"DST","Vikings ",3700,"MIN@CHI 08:30PM ET",5.000,"MIN"
"WR","Malcolm Mitchell",3600,"NE@TB 08:25PM ET",0,"NE"
"WR","Zay Jones",3600,"BUF@CIN 01:00PM ET",2.425,"BUF"
"WR","Curtis Samuel",3600,"CAR@DET 01:00PM ET",2.767,"CAR"
"DST","Giants ",3600,"LAC@NYG 01:00PM ET",3.250,"NYG"
"WR","Torrey Smith",3600,"ARI@PHI 01:00PM ET",5.850,"PHI"
"TE","Benjamin Watson",3600,"BAL@OAK 04:05PM ET",9.150,"BAL"
"WR","Seth Roberts",3600,"BAL@OAK 04:05PM ET",5.700,"OAK"
"WR","Terrance Williams",3600,"GB@DAL 04:25PM ET",8.400,"DAL"
"RB","Devante Mays",3600,"GB@DAL 04:25PM ET",0.000,"GB"
"WR","Bruce Ellington",3600,"KC@HOU 08:30PM ET",8.167,"HOU"
"WR","Brandon LaFell",3500,"BUF@CIN 01:00PM ET",4.400,"CIN"
"TE","Austin Seferian-Jenkins",3500,"NYJ@CLE 01:00PM ET",8.350,"NYJ"
"WR","Rashard Higgins",3500,"NYJ@CLE 01:00PM ET",6.633,"CLE"
"RB","Kerwynn Williams",3500,"ARI@PHI 01:00PM ET",3.150,"ARI"
"RB","D.J. Foster",3500,"ARI@PHI 01:00PM ET",0,"ARI"
"RB","Corey Grant",3500,"JAX@PIT 01:00PM ET",3.250,"JAX"
"WR","Jaelen Strong",3500,"JAX@PIT 01:00PM ET",0.000,"JAX"
"WR","JuJu Smith-Schuster",3500,"JAX@PIT 01:00PM ET",7.550,"PIT"
"DST","Seahawks ",3500,"SEA@LAR 04:05PM ET",8.500,"SEA"
"WR","Brice Butler",3500,"GB@DAL 04:25PM ET",8.250,"DAL"
"WR","Michael Floyd",3500,"MIN@CHI 08:30PM ET",0,"MIN"
"RB","Dion Lewis",3400,"NE@TB 08:25PM ET",4.700,"NE"
"WR","Andre Holmes",3400,"BUF@CIN 01:00PM ET",5.375,"BUF"
"RB","Jeremy Hill",3400,"BUF@CIN 01:00PM ET",3.450,"CIN"
"WR","Trent Taylor",3400,"SF@IND 01:00PM ET",6.575,"SF"
"RB","Shane Vereen",3400,"LAC@NYG 01:00PM ET",7.600,"NYG"
"RB","Orleans Darkwa",3400,"LAC@NYG 01:00PM ET",3.200,"NYG"
"RB","Eddie Lacy",3400,"SEA@LAR 04:05PM ET",2.750,"SEA"
"WR","Adam Humphries",3300,"NE@TB 08:25PM ET",9.867,"TB"
"DST","Bengals ",3300,"BUF@CIN 01:00PM ET",8.250,"CIN"
"WR","John Ross",3300,"BUF@CIN 01:00PM ET",0.200,"CIN"
"RB","Zach Zenner",3300,"CAR@DET 01:00PM ET",0.250,"DET"
"WR","Taywan Taylor",3300,"TEN@MIA 01:00PM ET",3.575,"TEN"
"TE","Antonio Gates",3300,"LAC@NYG 01:00PM ET",5.650,"LAC"
"RB","Paul Perkins",3300,"LAC@NYG 01:00PM ET",4.150,"NYG"
"RB","Rod Smith",3300,"GB@DAL 04:25PM ET",0.200,"DAL"
"WR","Jeff Janis",3300,"GB@DAL 04:25PM ET",0.000,"GB"
"WR","Albert Wilson",3300,"KC@HOU 08:30PM ET",8.650,"KC"
"WR","Markus Wheaton",3300,"MIN@CHI 08:30PM ET",0.000,"CHI"
"TE","Tyler Kroft",3200,"BUF@CIN 01:00PM ET",8.025,"CIN"
"WR","Tyler Boyd",3200,"BUF@CIN 01:00PM ET",2.567,"CIN"
"DST","Lions ",3200,"CAR@DET 01:00PM ET",14.500,"DET"
"WR","Dontrelle Inman",3200,"LAC@NYG 01:00PM ET",0.967,"LAC"
"RB","J.D. McKissic",3200,"SEA@LAR 04:05PM ET",19.500,"SEA"
"WR","Chris Conley",3200,"KC@HOU 08:30PM ET",5.225,"KC"
"WR","Jordan Leslie",3100,"NYJ@CLE 01:00PM ET",1.800,"CLE"
"WR","Sammie Coates",3100,"NYJ@CLE 01:00PM ET",0.000,"CLE"
"TE","Eric Ebron",3100,"CAR@DET 01:00PM ET",6.425,"DET"
"WR","Aldrick Robinson",3100,"SF@IND 01:00PM ET",3.550,"SF"
"DST","Eagles ",3100,"ARI@PHI 01:00PM ET",8.500,"PHI"
"WR","Cordarrelle Patterson",3100,"BAL@OAK 04:05PM ET",6.675,"OAK"
"TE","Ryan Griffin",3100,"KC@HOU 08:30PM ET",6.800,"HOU"
"WR","Deonte Thompson",3100,"MIN@CHI 08:30PM ET",7.375,"CHI"
"WR","Laquon Treadwell",3100,"MIN@CHI 08:30PM ET",2.300,"MIN"
"WR","Matthew Slater",3000,"NE@TB 08:25PM ET",0,"NE"
"RB","James Develin",3000,"NE@TB 08:25PM ET",1.250,"NE"
"RB","Brandon Bolden",3000,"NE@TB 08:25PM ET",0.000,"NE"
"WR","Bernard Reedy",3000,"NE@TB 08:25PM ET",0.633,"TB"
"RB","Peyton Barber",3000,"NE@TB 08:25PM ET",1.633,"TB"
"WR","Chris Godwin",3000,"NE@TB 08:25PM ET",2.467,"TB"
"WR","Brandon Tate",3000,"BUF@CIN 01:00PM ET",0.000,"BUF"
"RB","Taiwan Jones",3000,"BUF@CIN 01:00PM ET",0.000,"BUF"
"RB","Joe Banyard",3000,"BUF@CIN 01:00PM ET",0.000,"BUF"
"RB","Patrick DiMarco",3000,"BUF@CIN 01:00PM ET",0.325,"BUF"
"WR","Walter Powell",3000,"BUF@CIN 01:00PM ET",0,"BUF"
"WR","Kaelin Clay",3000,"BUF@CIN 01:00PM ET",1.267,"BUF"
"RB","Tra Carson",3000,"BUF@CIN 01:00PM ET",0,"CIN"
"WR","Alex Erickson",3000,"BUF@CIN 01:00PM ET",2.600,"CIN"
"WR","Cody Core",3000,"BUF@CIN 01:00PM ET",0.000,"CIN"
"WR","Josh Malone",3000,"BUF@CIN 01:00PM ET",0,"CIN"
"DST","Browns ",3000,"NYJ@CLE 01:00PM ET",4.250,"CLE"
"DST","Jets ",3000,"NYJ@CLE 01:00PM ET",4.500,"NYJ"
"RB","Travaris Cadet",3000,"NYJ@CLE 01:00PM ET",0.000,"NYJ"
"WR","James Wright",3000,"NYJ@CLE 01:00PM ET",0,"CLE"
"WR","Kasen Williams",3000,"NYJ@CLE 01:00PM ET",0.667,"CLE"
"RB","Danny Vitale",3000,"NYJ@CLE 01:00PM ET",0.000,"CLE"
"WR","Jalin Marshall",3000,"NYJ@CLE 01:00PM ET",0,"NYJ"
"WR","Lucky Whitehead",3000,"NYJ@CLE 01:00PM ET",0,"NYJ"
"RB","Matthew Dayes",3000,"NYJ@CLE 01:00PM ET",0.950,"CLE"
"WR","ArDarius Stewart",3000,"NYJ@CLE 01:00PM ET",1.600,"NYJ"
"WR","Chad Hansen",3000,"NYJ@CLE 01:00PM ET",0.000,"NYJ"
"RB","Fozzy Whittaker",3000,"CAR@DET 01:00PM ET",3.425,"CAR"
"WR","Jared Abbrederis",3000,"CAR@DET 01:00PM ET",0.000,"DET"
"WR","TJ Jones",3000,"CAR@DET 01:00PM ET",5.700,"DET"
"WR","Damiere Byrd",3000,"CAR@DET 01:00PM ET",0.300,"CAR"
"RB","Tion Green",3000,"CAR@DET 01:00PM ET",0,"DET"
"RB","Cameron Artis-Payne",3000,"CAR@DET 01:00PM ET",0.000,"CAR"
"RB","Alex Armah",3000,"CAR@DET 01:00PM ET",0.000,"CAR"
"WR","Kamar Aiken",3000,"SF@IND 01:00PM ET",2.675,"IND"
"RB","George Winn",3000,"SF@IND 01:00PM ET",0,"IND"
"RB","Kyle Juszczyk",3000,"SF@IND 01:00PM ET",3.350,"SF"
"WR","Quan Bray",3000,"SF@IND 01:00PM ET",0.800,"IND"
"RB","Raheem Mostert",3000,"SF@IND 01:00PM ET",0.025,"SF"
"RB","Matt Jones",3000,"SF@IND 01:00PM ET",0.700,"IND"
"WR","Chester Rogers",3000,"SF@IND 01:00PM ET",0,"IND"
"WR","Victor Bolden Jr.",3000,"SF@IND 01:00PM ET",0.000,"SF"
"WR","Kendrick Bourne",3000,"SF@IND 01:00PM ET",0.000,"SF"
"WR","Krishawn Hogan",3000,"SF@IND 01:00PM ET",0.000,"IND"
"DST","Titans ",3000,"TEN@MIA 01:00PM ET",3.000,"TEN"
"WR","Eric Weems",3000,"TEN@MIA 01:00PM ET",0.000,"TEN"
"RB","Jalston Fowler",3000,"TEN@MIA 01:00PM ET",1.575,"TEN"
"RB","Senorise Perry",3000,"TEN@MIA 01:00PM ET",0.000,"MIA"
"RB","David Fluellen",3000,"TEN@MIA 01:00PM ET",0.525,"TEN"
"WR","Rashawn Scott",3000,"TEN@MIA 01:00PM ET",0,"MIA"
"WR","Jakeem Grant",3000,"TEN@MIA 01:00PM ET",0.733,"MIA"
"WR","Darius Jennings",3000,"TEN@MIA 01:00PM ET",0,"TEN"
"WR","Leonte Carroo",3000,"TEN@MIA 01:00PM ET",0.000,"MIA"
"WR","Isaiah Ford",3000,"TEN@MIA 01:00PM ET",0,"MIA"
"WR","Dwayne Harris",3000,"LAC@NYG 01:00PM ET",0.000,"NYG"
"RB","Derek Watt",3000,"LAC@NYG 01:00PM ET",0.000,"LAC"
"RB","Austin Ekeler",3000,"LAC@NYG 01:00PM ET",4.800,"LAC"
"WR","Roger Lewis",3000,"LAC@NYG 01:00PM ET",3.575,"NYG"
"RB","Kenjon Barner",3000,"ARI@PHI 01:00PM ET",0.000,"PHI"
"RB","Elijhaa Penny",3000,"ARI@PHI 01:00PM ET",0.025,"ARI"
"WR","Brittan Golden",3000,"ARI@PHI 01:00PM ET",1.750,"ARI"
"WR","Marcus Johnson",3000,"ARI@PHI 01:00PM ET",0.000,"PHI"
"WR","Mack Hollins",3000,"ARI@PHI 01:00PM ET",1.550,"PHI"
"RB","T.J. Logan",3000,"ARI@PHI 01:00PM ET",0,"ARI"
"WR","Shelton Gibson",3000,"ARI@PHI 01:00PM ET",0,"PHI"
"WR","Chad Williams",3000,"ARI@PHI 01:00PM ET",2.150,"ARI"
"WR","Darrius Heyward-Bey",3000,"JAX@PIT 01:00PM ET",0.075,"PIT"
"WR","Arrelious Benn",3000,"JAX@PIT 01:00PM ET",0.550,"JAX"
"RB","Tommy Bohanon",3000,"JAX@PIT 01:00PM ET",3.075,"JAX"
"WR","Justin Hunter",3000,"JAX@PIT 01:00PM ET",1.500,"PIT"
"RB","Roosevelt Nix",3000,"JAX@PIT 01:00PM ET",0.000,"PIT"
"WR","Eli Rogers",3000,"JAX@PIT 01:00PM ET",3.467,"PIT"
"RB","Terrell Watson",3000,"JAX@PIT 01:00PM ET",0.125,"PIT"
"TE","Jesse James",3000,"JAX@PIT 01:00PM ET",9.925,"PIT"
"WR","Max McCaffrey",3000,"JAX@PIT 01:00PM ET",0.000,"JAX"
"WR","Keelan Cole",3000,"JAX@PIT 01:00PM ET",1.900,"JAX"
"RB","Lance Dunbar",3000,"SEA@LAR 04:05PM ET",0,"LAR"
"WR","Tavon Austin",3000,"SEA@LAR 04:05PM ET",2.400,"LAR"
"RB","Tre Madden",3000,"SEA@LAR 04:05PM ET",0.000,"SEA"
"WR","Tanner McEvoy",3000,"SEA@LAR 04:05PM ET",0.000,"SEA"
"WR","Amara Darboh",3000,"SEA@LAR 04:05PM ET",1.400,"SEA"
"RB","Justin Davis",3000,"SEA@LAR 04:05PM ET",0.050,"LAR"
"WR","Pharoh Cooper",3000,"SEA@LAR 04:05PM ET",0.100,"LAR"
"WR","Josh Reynolds",3000,"SEA@LAR 04:05PM ET",0.950,"LAR"
"WR","Michael Thomas",3000,"SEA@LAR 04:05PM ET",0,"LAR"
"WR","Michael Campanaro",3000,"BAL@OAK 04:05PM ET",2.300,"BAL"
"WR","Chris Matthews",3000,"BAL@OAK 04:05PM ET",1.000,"BAL"
"RB","Jamize Olawale",3000,"BAL@OAK 04:05PM ET",1.750,"OAK"
"WR","Chris Moore",3000,"BAL@OAK 04:05PM ET",0.000,"BAL"
"WR","Breshad Perriman",3000,"BAL@OAK 04:05PM ET",0.775,"BAL"
"WR","Johnny Holton",3000,"BAL@OAK 04:05PM ET",3.350,"OAK"
"RB","Keith Smith",3000,"GB@DAL 04:25PM ET",0.000,"DAL"
"RB","Aaron Ripkowski",3000,"GB@DAL 04:25PM ET",0.800,"GB"
"WR","Trevor Davis",3000,"GB@DAL 04:25PM ET",0.475,"GB"
"WR","Ryan Switzer",3000,"GB@DAL 04:25PM ET",-0.100,"DAL"
"WR","Noah Brown",3000,"GB@DAL 04:25PM ET",0.767,"DAL"
"RB","Jay Prosch",3000,"KC@HOU 08:30PM ET",0.000,"HOU"
"RB","Tyler Ervin",3000,"KC@HOU 08:30PM ET",3.250,"HOU"
"RB","Jordan Todman",3000,"KC@HOU 08:30PM ET",0.000,"HOU"
"WR","Braxton Miller",3000,"KC@HOU 08:30PM ET",1.833,"HOU"
"WR","Chris Thompson",3000,"KC@HOU 08:30PM ET",0.000,"HOU"
"TE","C.J. Fiedorowicz",3000,"KC@HOU 08:30PM ET",8.600,"HOU"
"RB","Akeem Hunt",3000,"KC@HOU 08:30PM ET",0.000,"KC"
"RB","Anthony Sherman",3000,"KC@HOU 08:30PM ET",0.525,"KC"
"WR","Demarcus Robinson",3000,"KC@HOU 08:30PM ET",0.725,"KC"
"WR","Jehu Chesson",3000,"KC@HOU 08:30PM ET",0.000,"KC"
"WR","De'Anthony Thomas",3000,"KC@HOU 08:30PM ET",0.900,"KC"
"RB","Benny Cunningham",3000,"MIN@CHI 08:30PM ET",2.633,"CHI"
"RB","Taquan Mizzell",3000,"MIN@CHI 08:30PM ET",0,"CHI"
"RB","Michael Burton",3000,"MIN@CHI 08:30PM ET",0.175,"CHI"
"WR","Josh Bellamy",3000,"MIN@CHI 08:30PM ET",5.350,"CHI"
"RB","C.J. Ham",3000,"MIN@CHI 08:30PM ET",2.075,"MIN"
"WR","Stacy Coley",3000,"MIN@CHI 08:30PM ET",0.000,"MIN"
"WR","Rodney Adams",3000,"MIN@CHI 08:30PM ET",0,"MIN"
"WR","Jarius Wright",3000,"MIN@CHI 08:30PM ET",3.475,"MIN"
"DST","Patriots ",2900,"NE@TB 08:25PM ET",3.500,"NE"
"TE","David Njoku",2900,"NYJ@CLE 01:00PM ET",7.000,"CLE"
"TE","Ed Dickson",2900,"CAR@DET 01:00PM ET",3.900,"CAR"
"DST","Raiders ",2900,"BAL@OAK 04:05PM ET",5.250,"OAK"
"DST","Ravens ",2900,"BAL@OAK 04:05PM ET",10.250,"BAL"
"TE","Julius Thomas",2800,"TEN@MIA 01:00PM ET",5.033,"MIA"
"DST","Jaguars ",2800,"JAX@PIT 01:00PM ET",13.500,"JAX"
"TE","Marcedes Lewis",2800,"JAX@PIT 01:00PM ET",7.050,"JAX"
"DST","Rams ",2800,"SEA@LAR 04:05PM ET",9.750,"LAR"
"DST","Texans ",2800,"KC@HOU 08:30PM ET",9.250,"HOU"
"TE","Zach Miller",2800,"MIN@CHI 08:30PM ET",6.825,"CHI"
"TE","O.J. Howard",2700,"NE@TB 08:25PM ET",6.400,"TB"
"DST","Colts ",2700,"SF@IND 01:00PM ET",5.750,"IND"
"DST","Dolphins ",2700,"TEN@MIA 01:00PM ET",3.000,"MIA"
"TE","Jermaine Gresham",2700,"ARI@PHI 01:00PM ET",5.800,"ARI"
"TE","Vance McDonald",2700,"JAX@PIT 01:00PM ET",0.000,"PIT"
"TE","Luke Willson",2700,"SEA@LAR 04:05PM ET",6.850,"SEA"
"TE","Richard Rodgers",2700,"GB@DAL 04:25PM ET",1.050,"GB"
"TE","Stephen Anderson",2700,"KC@HOU 08:30PM ET",3.533,"HOU"
"DST","Chiefs ",2700,"KC@HOU 08:30PM ET",8.750,"KC"
"DST","Bears ",2700,"MIN@CHI 08:30PM ET",3.500,"CHI"
"DST","Bills ",2600,"BUF@CIN 01:00PM ET",10.250,"BUF"
"TE","Seth DeValve",2600,"NYJ@CLE 01:00PM ET",5.600,"CLE"
"DST","49ers ",2600,"SF@IND 01:00PM ET",5.000,"SF"
"TE","Erik Swoope",2600,"SF@IND 01:00PM ET",0,"IND"
"TE","Jonnu Smith",2600,"TEN@MIA 01:00PM ET",5.100,"TEN"
"TE","Demetrius Harris",2600,"KC@HOU 08:30PM ET",2.375,"KC"
"TE","Luke Stocker",2500,"NE@TB 08:25PM ET",0.000,"TB"
"TE","Dwayne Allen",2500,"NE@TB 08:25PM ET",0.000,"NE"
"TE","Alan Cross",2500,"NE@TB 08:25PM ET",1.033,"TB"
"TE","Jacob Hollister",2500,"NE@TB 08:25PM ET",1.467,"NE"
"TE","Antony Auclair",2500,"NE@TB 08:25PM ET",0,"TB"
"TE","Clark Harris",2500,"BUF@CIN 01:00PM ET",0.000,"CIN"
"TE","Ryan Hewitt",2500,"BUF@CIN 01:00PM ET",0.650,"CIN"
"TE","Logan Thomas",2500,"BUF@CIN 01:00PM ET",0.000,"BUF"
"TE","C.J. Uzomah",2500,"BUF@CIN 01:00PM ET",1.050,"CIN"
"TE","Nick O'Leary",2500,"BUF@CIN 01:00PM ET",1.825,"BUF"
"TE","Cethan Carter",2500,"BUF@CIN 01:00PM ET",0.000,"CIN"
"TE","Khari Lee",2500,"BUF@CIN 01:00PM ET",0,"BUF"
"TE","Will Tye",2500,"NYJ@CLE 01:00PM ET",2.600,"NYJ"
"TE","Eric Tomlinson",2500,"NYJ@CLE 01:00PM ET",2.250,"NYJ"
"TE","Neal Sterling",2500,"NYJ@CLE 01:00PM ET",0.600,"NYJ"
"TE","Randall Telfer",2500,"NYJ@CLE 01:00PM ET",1.100,"CLE"
"TE","Jordan Leggett",2500,"NYJ@CLE 01:00PM ET",0,"NYJ"
"DST","Panthers ",2500,"CAR@DET 01:00PM ET",6.750,"CAR"
"TE","Darren Fells",2500,"CAR@DET 01:00PM ET",2.775,"DET"
"TE","Chris Manhertz",2500,"CAR@DET 01:00PM ET",0.000,"CAR"
"TE","Michael Roberts",2500,"CAR@DET 01:00PM ET",0.625,"DET"
"TE","Logan Paulsen",2500,"SF@IND 01:00PM ET",0.000,"SF"
"TE","Kyle Nelson",2500,"SF@IND 01:00PM ET",0.000,"SF"
"TE","Garrett Celek",2500,"SF@IND 01:00PM ET",2.175,"SF"
"TE","Brandon Williams",2500,"SF@IND 01:00PM ET",2.225,"IND"
"TE","George Kittle",2500,"SF@IND 01:00PM ET",4.575,"SF"
"TE","Darrell Daniels",2500,"SF@IND 01:00PM ET",0.400,"IND"
"TE","Anthony Fasano",2500,"TEN@MIA 01:00PM ET",0.000,"MIA"
"TE","Beau Brinkley",2500,"TEN@MIA 01:00PM ET",0.000,"TEN"
"TE","MarQueis Gray",2500,"TEN@MIA 01:00PM ET",0.000,"MIA"
"TE","Phillip Supernaw",2500,"TEN@MIA 01:00PM ET",0.325,"TEN"
"DST","Chargers ",2500,"LAC@NYG 01:00PM ET",4.250,"LAC"
"TE","Sean McGrath",2500,"LAC@NYG 01:00PM ET",0.667,"LAC"
"TE","Rhett Ellison",2500,"LAC@NYG 01:00PM ET",3.775,"NYG"
"TE","Matt LaCosse",2500,"LAC@NYG 01:00PM ET",0,"NYG"
"TE","Sean Culkin",2500,"LAC@NYG 01:00PM ET",0.000,"LAC"
"TE","Jerell Adams",2500,"LAC@NYG 01:00PM ET",1.200,"NYG"
"TE","Brent Celek",2500,"ARI@PHI 01:00PM ET",0.525,"PHI"
"TE","Ifeanyi Momah",2500,"ARI@PHI 01:00PM ET",1.400,"ARI"
"TE","Trey Burton",2500,"ARI@PHI 01:00PM ET",1.175,"PHI"
"TE","Troy Niklas",2500,"ARI@PHI 01:00PM ET",1.150,"ARI"
"TE","Ricky Seals-Jones",2500,"ARI@PHI 01:00PM ET",0.000,"ARI"
"TE","James O'Shaughnessy",2500,"JAX@PIT 01:00PM ET",1.250,"JAX"
"TE","Xavier Grimble",2500,"JAX@PIT 01:00PM ET",0.000,"PIT"
"TE","Ben Koyack",2500,"JAX@PIT 01:00PM ET",0.000,"JAX"
"TE","Tyler Ott",2500,"SEA@LAR 04:05PM ET",0.000,"SEA"
"TE","Tyler Higbee",2500,"SEA@LAR 04:05PM ET",3.200,"LAR"
"TE","Nick Vannett",2500,"SEA@LAR 04:05PM ET",0.500,"SEA"
"TE","Derek Carrier",2500,"SEA@LAR 04:05PM ET",1.700,"LAR"
"TE","Gerald Everett",2500,"SEA@LAR 04:05PM ET",4.800,"LAR"
"TE","Lee Smith",2500,"BAL@OAK 04:05PM ET",1.350,"OAK"
"TE","Clive Walford",2500,"BAL@OAK 04:05PM ET",0.650,"OAK"
"TE","Nick Boyle",2500,"BAL@OAK 04:05PM ET",4.075,"BAL"
"TE","Maxx Williams",2500,"BAL@OAK 04:05PM ET",3.900,"BAL"
"TE","Vince Mayle",2500,"BAL@OAK 04:05PM ET",0.000,"BAL"
"TE","Lance Kendricks",2500,"GB@DAL 04:25PM ET",4.500,"GB"
"TE","James Hanna",2500,"GB@DAL 04:25PM ET",2.450,"DAL"
"TE","Geoff Swaim",2500,"GB@DAL 04:25PM ET",0.000,"DAL"
"TE","James Winchester",2500,"KC@HOU 08:30PM ET",0.000,"KC"
"TE","Ross Travis",2500,"KC@HOU 08:30PM ET",0.000,"KC"
"TE","Andrew DePaola",2500,"MIN@CHI 08:30PM ET",0.000,"CHI"
"TE","Adam Shaheen",2500,"MIN@CHI 08:30PM ET",1.800,"CHI"
"TE","Daniel Brown",2500,"MIN@CHI 08:30PM ET",0.000,"CHI"
"TE","Dion Sims",2500,"MIN@CHI 08:30PM ET",1.725,"CHI"
"TE","Kevin McDermott",2500,"MIN@CHI 08:30PM ET",0.000,"MIN"
"TE","Blake Bell",2500,"MIN@CHI 08:30PM ET",0.550,"MIN"
"TE","David Morgan",2500,"MIN@CHI 08:30PM ET",0.000,"MIN"
"DST","Buccaneers ",2400,"NE@TB 08:25PM ET",6.000,"TB"
"DST","Packers ",2400,"GB@DAL 04:25PM ET",6.750,"GB"
"DST","Cardinals ",2300,"ARI@PHI 01:00PM ET",6.000,"ARI"
"DST","Cowboys ",2100,"GB@DAL 04:25PM ET",4.500,"DAL"
