Rank	EntryId	EntryName	TimeRemaining	Points	Lineup	Contest Size	Contest Format	Buy-in	Notes:	DoubleWinnings
1	811514734	slinehan4215	0	164.78	RB Dalvin Cook DST Rams  TE Zach Miller WR Michael Crabtree WR Antonio Brown WR Terrelle Pryor Sr. FLEX Isaiah Crowell QB Carson Wentz RB Jordan Howard	62	Triple	$10 		
2	813379293	gandolf313	0	154.68	RB Melvin Gordon DST Rams  RB Bilal Powell WR Antonio Brown WR Julio Jones WR Kendall Wright QB Derek Carr TE Zach Ertz FLEX Carlos Hyde	62	Triple	$10 		
3	812537801	Dinkpiece	0	144.68	WR Chris Hogan DST Rams  WR Larry Fitzgerald RB LeSean McCoy WR Kendall Wright TE Zach Ertz RB Le'Veon Bell QB Carson Wentz FLEX Todd Gurley II	62	Triple	$10 		
4	810928694	dylanlick	0	144.34	WR Stefon Diggs DST Saints  QB Matt Ryan TE Zach Miller WR Michael Crabtree FLEX Carlos Hyde WR Amari Cooper RB Todd Gurley II RB Ezekiel Elliott	62	Triple	$10 		
5	811787872	underjones	0	143.78	DST Rams  WR Pierre Garcon WR Kendall Wright WR Marvin Jones Jr. TE Zach Ertz RB Le'Veon Bell RB David Johnson QB Carson Wentz FLEX Todd Gurley II	62	Triple	$10 		
6	810204280	ThatStunna	0	142.54	WR Adam Thielen QB Drew Brees WR Michael Thomas WR Ted Ginn Jr. DST Ravens  RB Lamar Miller FLEX David Johnson TE C.J. Fiedorowicz RB Todd Gurley II	62	Triple	$10 		
7	812721553	BirdWings	0	141.58	DST Rams  WR Larry Fitzgerald WR Julio Jones WR Kendall Wright TE Zach Ertz RB Le'Veon Bell FLEX Carlos Hyde QB Carson Wentz RB Todd Gurley II	62	Triple	$10 		
8	812029639	madoublet98	0	139.04	DST Rams  WR Larry Fitzgerald WR Kendall Wright TE Zach Ertz RB Le'Veon Bell RB David Johnson WR Rishard Matthews FLEX Todd Gurley II QB Jared Goff	62	Triple	$10 		
8	812872278	youdacao	0	139.04	DST Rams  WR Larry Fitzgerald WR Kendall Wright TE Zach Ertz RB Le'Veon Bell RB David Johnson WR Rishard Matthews FLEX Todd Gurley II QB Jared Goff	62	Triple	$10 		
10	812786077	chieflaker14	0	138.72	WR Tyreek Hill RB Dalvin Cook DST Bills  TE Delanie Walker QB Ben Roethlisberger WR Michael Crabtree WR Torrey Smith FLEX Doug Baldwin RB Todd Gurley II	62	Triple	$10 		
11	812043916	moklovin	0	137.64	DST Rams  QB Aaron Rodgers WR Larry Fitzgerald WR Doug Baldwin WR Kendall Wright TE Zach Ertz RB Le'Veon Bell FLEX Carlos Hyde RB Todd Gurley II	62	Triple	$10 		
12	812101124	Derdy13	0	137.48	DST Eagles  WR Larry Fitzgerald WR Kendall Wright TE Zach Ertz RB Le'Veon Bell RB David Johnson WR Rishard Matthews QB Carson Wentz FLEX Todd Gurley II	62	Triple	$10 		
13	812819313	thekidballs	0	136.68	DST Eagles  TE Delanie Walker WR Michael Crabtree WR Marvin Jones Jr. QB Derek Carr FLEX Zach Ertz RB Le'Veon Bell WR DeAndre Hopkins RB Devonta Freeman	62	Triple	$10 		
14	813307658	doctorxbabyy	0	136.12	DST Steelers  QB Ben Roethlisberger FLEX Michael Crabtree WR Golden Tate TE Zach Ertz WR Alshon Jeffery WR Kelvin Benjamin RB Todd Gurley II RB Christian McCaffrey	62	Triple	$10 		
15	812278750	EmptyMaybe	0	135.36	DST Panthers  QB Carson Palmer TE Jason Witten FLEX DeMarco Murray WR Julio Jones WR Rishard Matthews RB Todd Gurley II WR Corey Davis RB Tarik Cohen	62	Triple	$10 		
16	813295734	Rams0724	0	134.88	TE Travis Kelce DST Rams  WR Brandon Marshall RB LeGarrette Blount QB Derek Carr FLEX Alshon Jeffery WR DeAndre Hopkins WR Amari Cooper RB Todd Gurley II	62	Triple	$10 		
17	813114520	dirtybird78	0	132.44	WR Brandin Cooks WR Chris Hogan DST Rams  QB Matt Ryan WR DeAndre Hopkins TE Eric Ebron RB Isaiah Crowell RB Todd Gurley II FLEX Jordan Howard	62	Triple	$10 		
18	813154310	t_smallz_15	0	132.1	WR Demaryius Thomas FLEX Adam Thielen DST Lions  QB Eli Manning RB Jonathan Stewart WR Golden Tate TE Zach Ertz RB Le'Veon Bell WR Jamison Crowder	62	Triple	$10 		
19	811225222	TeeJayOrTj	0	131.04	WR Chris Hogan DST Rams  WR Brandon Marshall QB Aaron Rodgers WR Larry Fitzgerald TE Zach Ertz RB Lamar Miller RB David Johnson FLEX Todd Gurley II	62	Triple	$10 		
20	813350740	tbombich	0	130.84	DST Broncos  RB Kareem Hunt WR Brandon Coleman TE Greg Olsen FLEX LeSean McCoy RB Bilal Powell WR A.J. Green WR Marquise Goodwin QB Marcus Mariota	62	Triple	$10 		
21	811841224	srn828	0	127.78	DST Steelers  WR Larry Fitzgerald RB LeSean McCoy WR Kendall Wright TE Zach Ertz RB Le'Veon Bell FLEX Carlos Hyde WR Kelvin Benjamin QB Carson Wentz	62	Triple	$10 		
22	811216960	bric75	0	127.44	DST Rams  QB Aaron Rodgers WR Kendall Wright TE Zach Ertz RB Le'Veon Bell FLEX Carlos Hyde RB David Johnson WR Davante Adams WR Sterling Shepard	62	Triple	$10 		
23	807864285	KDOOLZ8	0	126.54	DST Jets  RB Darren Sproles QB Matt Ryan WR Jordy Nelson WR Larry Fitzgerald WR Michael Crabtree TE Zach Ertz RB David Johnson FLEX Rishard Matthews	62	Triple	$10 		
24	811592140	ykya111	0	126.48	DST Rams  WR Brandon Marshall WR Larry Fitzgerald WR Kendall Wright TE Zach Ertz RB Le'Veon Bell FLEX Carlos Hyde RB David Johnson QB Carson Wentz	62	Triple	$10 		
24	812089512	EmpireMaker2	0	126.48	DST Rams  WR Brandon Marshall WR Larry Fitzgerald WR Kendall Wright TE Zach Ertz RB Le'Veon Bell FLEX Carlos Hyde RB David Johnson QB Carson Wentz	62	Triple	$10 		
26	813433687	spanair23	0	124.42	RB C.J. Anderson DST Broncos  TE Delanie Walker WR Larry Fitzgerald WR Doug Baldwin QB Russell Wilson WR Antonio Brown FLEX Cooper Kupp RB Christian McCaffrey	62	Triple	$10 		
27	807348425	STR8_CASH_HOMIES	0	123.64	TE Travis Kelce WR Ted Ginn Jr. DST Rams  WR Kendall Wright FLEX Zach Ertz RB Le'Veon Bell RB David Johnson WR Rishard Matthews QB Marcus Mariota	62	Triple	$10 		
28	813190189	ehafner	0	122.32	TE Travis Kelce RB James White DST Patriots  FLEX Jason Witten WR Dez Bryant WR Antonio Brown QB Dak Prescott WR Sterling Shepard RB Jordan Howard	62	Triple	$10 		
29	810687209	Makisupa	0	121.98	DST Steelers  WR Brandon Marshall WR Kendall Wright TE Zach Ertz RB Le'Veon Bell RB David Johnson QB Carson Wentz WR Sterling Shepard FLEX Todd Gurley II	62	Triple	$10 		
30	811238657	0123blastoff	0	119.98	WR Ted Ginn Jr. DST Cardinals  WR Larry Fitzgerald TE Zach Ertz RB Le'Veon Bell FLEX Carlos Hyde RB David Johnson WR Rishard Matthews QB Carson Wentz	62	Triple	$10 		
31	810429476	aejones	0	119.54	WR Ted Ginn Jr. DST Rams  WR Brandon Marshall QB Aaron Rodgers WR Kendall Wright TE Zach Ertz RB Le'Veon Bell FLEX Carlos Hyde RB David Johnson	62	Triple	$10 		
31	813140975	Kunu88	0	119.54	WR Ted Ginn Jr. DST Rams  WR Brandon Marshall QB Aaron Rodgers WR Kendall Wright TE Zach Ertz RB Le'Veon Bell FLEX Carlos Hyde RB David Johnson	62	Triple	$10 		
31	813180114	salmonc	0	119.54	WR Ted Ginn Jr. DST Rams  WR Brandon Marshall QB Aaron Rodgers WR Kendall Wright TE Zach Ertz RB Le'Veon Bell FLEX Carlos Hyde RB David Johnson	62	Triple	$10 		
34	812774047	papagates	0	118.94	WR Emmanuel Sanders WR Ted Ginn Jr. DST Raiders  QB Aaron Rodgers WR Larry Fitzgerald TE Zach Ertz RB David Johnson FLEX Todd Gurley II RB Jordan Howard	62	Triple	$10 		
35	810952813	Dustbuc	0	118.48	TE Rob Gronkowski DST Cardinals  RB LeSean McCoy WR Doug Baldwin WR Kendall Wright WR Alshon Jeffery FLEX Lamar Miller QB Carson Wentz RB Todd Gurley II	62	Triple	$10 		
36	812851351	Kylecunn	0	117	FLEX Brandin Cooks DST Steelers  WR Jeremy Maclin RB LeSean McCoy QB Kirk Cousins WR Terrelle Pryor Sr. WR Kevin White TE Evan Engram RB Christian McCaffrey	62	Triple	$10 		
37	813146748	GringoLocopp	0	115.58	WR Tyreek Hill QB Tom Brady RB James White TE Rob Gronkowski DST Bills  WR Jordy Nelson FLEX Shane Vereen WR Terrelle Pryor Sr. RB Jeremy Hill	62	Triple	$10 		
38	812781726	ChipotleAddict	0	115.34	WR Ted Ginn Jr. DST Raiders  WR Brandon Marshall QB Aaron Rodgers WR Larry Fitzgerald TE Zach Ertz RB David Johnson FLEX Todd Gurley II RB Jordan Howard	62	Triple	$10 		
39	807462810	CONDIA	0	114.08	WR Brandon Coleman DST Steelers  WR Brandon Marshall QB Matthew Stafford TE Zach Ertz RB Lamar Miller FLEX Le'Veon Bell RB David Johnson WR Sterling Shepard	62	Triple	$10 		
40	813316163	82Goldtop	0	113.08	QB Tom Brady WR Chris Hogan TE Rob Gronkowski DST Rams  WR Marquise Goodwin FLEX Carlos Hyde RB David Johnson WR Rishard Matthews RB Todd Gurley II	62	Triple	$10 		
41	809894653	hjonesy609	0	112.98	QB Tom Brady RB Adrian Peterson DST Ravens  FLEX Darren Sproles TE Zach Miller WR Jeremy Maclin RB LeSean McCoy WR Doug Baldwin WR Julio Jones	62	Triple	$10 		
42	813347064	H8oraide	0	110.68	RB C.J. Anderson QB Tom Brady DST Steelers  TE Delanie Walker WR Larry Fitzgerald WR Kendall Wright RB Lamar Miller FLEX Le'Veon Bell WR DeAndre Hopkins	62	Triple	$10 		
43	813388907	jojoloveheart	0	110.24	QB Sam Bradford WR Chris Hogan DST 49ers  WR Pierre Garcon FLEX Bilal Powell TE Zach Ertz RB Le'Veon Bell RB David Johnson WR Rishard Matthews	62	Triple	$10 		
44	813285208	Titos	0	109.74	DST Bills  RB Frank Gore QB Aaron Rodgers RB LeSean McCoy WR Julio Jones FLEX Kendall Wright WR T.Y. Hilton TE Zach Ertz WR Jordan Matthews	62	Triple	$10 		
45	811345073	gatoraloha	0	109.38	DST Chargers  WR Michael Crabtree TE Jermaine Gresham RB LeSean McCoy FLEX Doug Baldwin WR Pierre Garcon QB Derek Carr WR Martavis Bryant RB Christian McCaffrey	62	Triple	$10 		
46	812548376	rikkidee	0	108.98	DST Broncos  WR Brandon Marshall WR Kendall Wright TE Zach Ertz RB Le'Veon Bell RB David Johnson QB Carson Wentz WR Sterling Shepard FLEX Todd Gurley II	62	Triple	$10 		
47	813005604	jwmac03	0	107.22	DST Rams  WR Larry Fitzgerald QB Brian Hoyer RB DeMarco Murray WR Terrelle Pryor Sr. TE Zach Ertz FLEX Marquise Goodwin RB David Johnson WR Kelvin Benjamin	62	Triple	$10 		
48	813279843	AustinObregon	0	105.42	WR Chris Hogan DST Eagles  QB Ben Roethlisberger RB LeSean McCoy TE Zach Ertz FLEX Tyler Eifert RB David Johnson WR Martavis Bryant WR Zay Jones	62	Triple	$10 		
49	807563129	Daut44	0	100.34	WR Chris Hogan DST Jets  QB Aaron Rodgers WR Kendall Wright TE Zach Ertz RB Le'Veon Bell RB David Johnson WR Robby Anderson FLEX Todd Gurley II	62	Triple	$10 		
49	810118667	MakeItRain84	0	100.34	WR Chris Hogan DST Jets  QB Aaron Rodgers WR Kendall Wright TE Zach Ertz RB Le'Veon Bell RB David Johnson WR Robby Anderson FLEX Todd Gurley II	62	Triple	$10 		
51	813347220	bryanb5898	0	98.52	WR Emmanuel Sanders DST Seahawks  TE Jimmy Graham WR Michael Crabtree WR Mike Wallace FLEX Pierre Garcon QB Russell Wilson RB Todd Gurley II RB Ezekiel Elliott	62	Triple	$10 		
52	811507721	deen67	0	96.92	FLEX C.J. Anderson DST Colts  WR Brandon Marshall RB LeSean McCoy QB Russell Wilson WR Kendall Wright TE Zach Ertz RB Le'Veon Bell WR DeAndre Hopkins	62	Triple	$10 		
53	813178073	Creo8u2	0	94.44	WR Stefon Diggs DST Raiders  QB Matt Ryan TE Greg Olsen RB Jonathan Stewart WR Michael Crabtree WR Tavon Austin RB Le'Veon Bell FLEX Marqise Lee	62	Triple	$10 		
54	813324219	Hawkhawg2121	0	93.38	RB Dalvin Cook QB Tom Brady FLEX Chris Hogan DST Bills  WR Brandon Marshall TE Delanie Walker WR Michael Crabtree RB Devonta Freeman WR Davante Adams	62	Triple	$10 		
55	813381178	jabrodsk	0	89.38	TE Rob Gronkowski DST Colts  FLEX Matt Forte QB Matthew Stafford WR T.Y. Hilton WR John Brown WR Martavis Bryant RB Jordan Howard RB Christian McCaffrey	62	Triple	$10 		
56	813133703	themasterson	0	88.62	DST 49ers  WR Brandon Marshall WR Pierre Garcon QB Russell Wilson WR Kendall Wright TE Zach Ertz RB Le'Veon Bell FLEX Carlos Hyde RB David Johnson	62	Triple	$10 		
57	810737866	xomar80x	0	88.34	TE Travis Kelce WR Ted Ginn Jr. DST Texans  QB Aaron Rodgers WR Kendall Wright FLEX Zach Ertz RB Le'Veon Bell RB David Johnson WR Zay Jones	62	Triple	$10 		
58	813316803	beaumagic	0	87.88	QB Tom Brady WR Chris Hogan DST Falcons  WR Michael Crabtree WR Julio Jones TE Zach Ertz FLEX Jamison Crowder RB Isaiah Crowell RB Christian McCaffrey	62	Triple	$10 		
59	811998198	taylerbug	0	87.42	WR Tyreek Hill WR Chris Hogan TE Rob Gronkowski DST Packers  QB Brian Hoyer WR A.J. Green FLEX Marquise Goodwin RB David Johnson RB Rob Kelley	62	Triple	$10 		
60	813282798	IceHoya	0	82.32	DST Patriots  FLEX Ted Ginn Jr. WR Doug Baldwin QB Russell Wilson TE Zach Ertz RB Le'Veon Bell WR Kelvin Benjamin RB Todd Gurley II WR Zay Jones	62	Triple	$10 		
61	813353381	dmilbern	0	78.02	DST Broncos  TE Delanie Walker WR Eric Decker FLEX Torrey Smith QB Russell Wilson WR Randall Cobb RB Le'Veon Bell WR Martavis Bryant RB Christian McCaffrey	62	Triple	$10 		
62	810861818	RexGrossman	0	75.44	DST Texans  WR Brandon Marshall QB Aaron Rodgers WR Kendall Wright RB Le'Veon Bell FLEX Carlos Hyde RB David Johnson WR Kevin White TE Evan Engram	62	Triple	$10 		
